rootIP,srcIP,dstIP,count,dur,bytes,hops,tactic,nCount,nDur,nBytes,portCount,end
143.88.4.15,143.88.4.15,143.88.9.13,29,17931.578887701035,76041.0,1,Defense Evasion,4.164178074531649E-6,0.005172532382463147,2.8645184287097968E-8,7
143.88.5.17,143.88.5.17,143.88.10.11,17,7464.64330124855,200779.0,1,Exfiltration,2.3795303283037995E-6,0.00215324648437553,7.563487402821166E-8,4,N
143.88.5.17,143.88.10.11,143.88.10.14,2,571.4431531429291,18696.0,2,Lateral Movement,1.4872064551898747E-7,1.6483814575837414E-4,7.042915866855823E-9,1
143.88.7.10,143.88.7.10,143.88.2.12,2085,92.69276404380798,8.791520009E9,1,Discovery,3.099338252615699E-4,2.6738098560047233E-5,0.0033118279720350096,1003
143.88.7.10,143.88.7.10,143.88.2.10,521472,1216.9835205078125,24576.0,1,Reconnaissance,0.07755350373943191,3.5105032904092E-4,9.257953591348347E-9,1002,N
143.88.7.10,143.88.2.10,143.88.7.15,1661440,353248.51544189453,2.65458232832E12,2,Reconnaissance,0.247090280570421,0.10189785275592605,1.0,1011
143.88.7.10,143.88.2.10,143.88.7.11,3112192,972063.5371704102,5579520.0,2,Reconnaissance,0.4628470544983831,0.28040085902721346,2.1018447762858043E-6,1009
143.88.7.10,143.88.2.10,143.88.7.1,2093056,279987.98876953125,8567808.0,2,Reconnaissance,0.3112804907067443,0.08076516561541919,3.2275540707838175E-6,1005
143.88.7.10,143.88.2.10,143.88.7.12,1125888,778386.2987670898,9.257586368E11,2,Reconnaissance,0.16744264142143625,0.2245328401728153,0.34873984766781857,1004
143.88.7.10,143.88.2.10,143.88.7.6,1024,0.41058349609375,0.0,2,Reconnaissance,1.5214122036592416E-4,1.1843666653952604E-7,0.0,2
143.88.7.10,143.88.2.10,143.88.7.4,1024,0.37274169921875,0.0,2,Reconnaissance,1.5214122036592416E-4,1.0752084473864806E-7,0.0,2
143.88.7.10,143.88.2.10,143.88.7.9,1024,0.19659423828125,0.0,2,Reconnaissance,1.5214122036592416E-4,5.670945487198058E-8,0.0,2
143.88.7.10,143.88.2.10,143.88.7.3,1024,0.3656005859375,0.0,2,Reconnaissance,1.5214122036592416E-4,1.0546092352783722E-7,0.0,2
143.88.7.10,143.88.2.10,143.88.7.7,1024,0.25115966796875,0.0,2,Reconnaissance,1.5214122036592416E-4,7.244936566227883E-8,0.0,2
143.88.7.10,143.88.2.10,143.88.7.8,1024,0.28082275390625,0.0,2,Reconnaissance,1.5214122036592416E-4,8.100596146103156E-8,0.0,2
143.88.7.10,143.88.2.10,143.88.7.2,1024,0.30560302734375,0.0,2,Reconnaissance,1.5214122036592416E-4,8.815406412418713E-8,0.0,2
143.88.7.10,143.88.2.10,143.88.7.5,1024,0.39276123046875,0.0,2,Reconnaissance,1.5214122036592416E-4,1.1329566659459641E-7,0.0,2
143.88.7.10,143.88.2.10,143.88.7.20,1024,0.29718017578125,0.0,2,Reconnaissance,1.5214122036592416E-4,8.572441346528204E-8,0.0,2
143.88.7.10,143.88.2.10,143.88.7.22,1024,0.2515869140625,0.0,2,Reconnaissance,1.5214122036592416E-4,7.257260881164357E-8,0.0,2
143.88.7.10,143.88.2.10,143.88.7.18,1024,0.37451171875,0.0,2,Reconnaissance,1.5214122036592416E-4,1.0803142350030203E-7,0.0,2
143.88.7.10,143.88.2.10,143.88.7.17,1024,0.4029541015625,0.0,2,Reconnaissance,1.5214122036592416E-4,1.1623589601515547E-7,0.0,2
143.88.7.10,143.88.2.10,143.88.7.16,1024,0.2288818359375,0.0,2,Reconnaissance,1.5214122036592416E-4,6.60231157311168E-8,0.0,2
143.88.7.10,143.88.2.10,143.88.7.21,1024,0.3359375,0.0,2,Reconnaissance,1.5214122036592416E-4,9.690432772908448E-8,0.0,2
143.88.7.10,143.88.2.10,143.88.7.19,1024,0.36822509765625,0.0,2,Reconnaissance,1.5214122036592416E-4,1.062179885882207E-7,0.0,2
143.88.7.10,143.88.2.10,143.88.7.27,1024,256.4923095703125,0.0,2,Reconnaissance,1.5214122036592416E-4,7.398761622799286E-5,0.0,2
143.88.7.10,143.88.2.10,143.88.7.29,1024,256.47662353515625,0.0,2,Reconnaissance,1.5214122036592416E-4,7.398309144379477E-5,0.0,2
143.88.7.10,143.88.2.10,143.88.7.34,1024,256.431640625,0.0,2,Reconnaissance,1.5214122036592416E-4,7.397011570078307E-5,0.0,2
143.88.7.10,143.88.2.10,143.88.7.32,1024,256.45513916015625,0.0,2,Reconnaissance,1.5214122036592416E-4,7.397689407399813E-5,0.0,2
143.88.7.10,143.88.2.10,143.88.7.35,1024,256.4859619140625,0.0,2,Reconnaissance,1.5214122036592416E-4,7.398578518691659E-5,0.0,2
143.88.7.10,143.88.2.10,143.88.7.31,1024,256.49658203125,0.0,2,Reconnaissance,1.5214122036592416E-4,7.398884865948651E-5,0.0,2
143.88.7.10,143.88.2.10,143.88.7.28,1024,256.4713134765625,0.0,2,Reconnaissance,1.5214122036592416E-4,7.39815597075098E-5,0.0,2
143.88.7.10,143.88.2.10,143.88.7.33,1024,256.44769287109375,0.0,2,Reconnaissance,1.5214122036592416E-4,7.397474612196636E-5,0.0,2
143.88.7.10,143.88.2.10,143.88.7.36,1024,256.406982421875,0.0,2,Reconnaissance,1.5214122036592416E-4,7.396300281044831E-5,0.0,2
143.88.7.10,143.88.2.10,143.88.7.30,1024,256.4617919921875,0.0,2,Reconnaissance,1.5214122036592416E-4,7.397881314589539E-5,0.0,2
143.88.7.10,143.88.2.10,143.88.7.44,1024,0.33984375,0.0,2,Reconnaissance,1.5214122036592416E-4,9.803112223756221E-8,0.0,2
143.88.7.10,143.88.2.10,143.88.7.42,1024,0.3563232421875,0.0,2,Reconnaissance,1.5214122036592416E-4,1.0278478657020262E-7,0.0,2
143.88.7.10,143.88.2.10,143.88.7.41,1024,0.31793212890625,0.0,2,Reconnaissance,1.5214122036592416E-4,9.171050929156995E-8,0.0,2
143.88.7.10,143.88.2.10,143.88.7.43,1024,0.3126220703125,0.0,2,Reconnaissance,1.5214122036592416E-4,9.017877300660805E-8,0.0,2
143.88.7.10,143.88.2.10,143.88.7.45,1024,0.31024169921875,0.0,2,Reconnaissance,1.5214122036592416E-4,8.949213260300444E-8,0.0,2
143.88.7.10,143.88.2.10,143.88.7.48,1024,0.2984619140625,0.0,2,Reconnaissance,1.5214122036592416E-4,8.609414291337629E-8,0.0,2
143.88.7.10,143.88.2.10,143.88.7.50,1024,0.3450927734375,0.0,2,Reconnaissance,1.5214122036592416E-4,9.954525235832916E-8,0.0,2
143.88.7.10,143.88.2.10,143.88.7.47,1024,0.36065673828125,0.0,2,Reconnaissance,1.5214122036592416E-4,1.040348242280451E-7,0.0,2
143.88.7.10,143.88.2.10,143.88.7.49,1024,0.342041015625,0.0,2,Reconnaissance,1.5214122036592416E-4,9.866494414858093E-8,0.0,2
143.88.7.10,143.88.2.10,143.88.7.46,1024,0.26617431640625,0.0,2,Reconnaissance,1.5214122036592416E-4,7.678048205424009E-8,0.0,2
143.88.7.10,143.88.2.10,143.88.7.56,1024,0.247802734375,0.0,2,Reconnaissance,1.5214122036592416E-4,7.148102663155578E-8,0.0,2
143.88.7.10,143.88.2.10,143.88.7.57,1024,0.34326171875,0.0,2,Reconnaissance,1.5214122036592416E-4,9.901706743248022E-8,0.0,2
143.88.7.10,143.88.2.10,143.88.7.14,1024,3080.2404174804688,0.0,2,Reconnaissance,1.5214122036592416E-4,8.885242847252818E-4,0.0,2
143.88.7.10,143.88.2.10,143.88.7.13,1024,3080.264404296875,0.0,2,Reconnaissance,1.5214122036592416E-4,8.885312039478104E-4,0.0,2
143.88.7.10,143.88.2.10,143.88.7.58,1024,0.35943603515625,0.0,2,Reconnaissance,1.5214122036592416E-4,1.036827009441458E-7,0.0,2
143.88.7.10,143.88.2.10,143.88.7.64,1024,0.28436279296875,0.0,2,Reconnaissance,1.5214122036592416E-4,8.20271189843395E-8,0.0,2
143.88.7.10,143.88.2.10,143.88.7.55,1024,0.27008056640625,0.0,2,Reconnaissance,1.5214122036592416E-4,7.790727656271781E-8,0.0,2
143.88.7.10,143.88.2.10,143.88.7.61,1024,0.316162109375,0.0,2,Reconnaissance,1.5214122036592416E-4,9.1199930529916E-8,0.0,2
143.88.7.10,143.88.2.10,143.88.7.59,1024,0.32763671875,0.0,2,Reconnaissance,1.5214122036592416E-4,9.450988939856931E-8,0.0,2
143.88.7.10,143.88.2.10,143.88.7.60,1024,0.28387451171875,0.0,2,Reconnaissance,1.5214122036592416E-4,8.188626967077978E-8,0.0,2
143.88.7.10,143.88.2.10,143.88.7.62,1024,0.3128662109375,0.0,2,Reconnaissance,1.5214122036592416E-4,9.024919766338791E-8,0.0,2
143.88.7.10,143.88.2.10,143.88.7.63,1024,0.31640625,0.0,2,Reconnaissance,1.5214122036592416E-4,9.127035518669586E-8,0.0,2
143.88.7.10,143.88.2.10,143.88.7.77,1024,0.29083251953125,0.0,2,Reconnaissance,1.5214122036592416E-4,8.389337238900574E-8,0.0,2
143.88.7.10,143.88.2.10,143.88.7.73,1024,0.283935546875,0.0,2,Reconnaissance,1.5214122036592416E-4,8.190387583497474E-8,0.0,2
143.88.7.10,143.88.2.10,143.88.7.69,1024,0.3388671875,0.0,2,Reconnaissance,1.5214122036592416E-4,9.774942361044277E-8,0.0,2
143.88.7.10,143.88.2.10,143.88.7.71,1024,0.300048828125,0.0,2,Reconnaissance,1.5214122036592416E-4,8.655190318244536E-8,0.0,2
143.88.7.10,143.88.2.10,143.88.7.72,1024,0.2869873046875,0.0,2,Reconnaissance,1.5214122036592416E-4,8.278418404472297E-8,0.0,2
143.88.7.10,143.88.2.10,143.88.7.74,1024,0.2877197265625,0.0,2,Reconnaissance,1.5214122036592416E-4,8.299545801506254E-8,0.0,2
143.88.7.10,143.88.2.10,143.88.7.75,1024,0.28057861328125,0.0,2,Reconnaissance,1.5214122036592416E-4,8.09355368042517E-8,0.0,2
143.88.7.10,143.88.2.10,143.88.7.70,1024,0.3236083984375,0.0,2,Reconnaissance,1.5214122036592416E-4,9.334788256170166E-8,0.0,2
143.88.7.10,143.88.2.10,143.88.7.76,1024,0.296142578125,0.0,2,Reconnaissance,1.5214122036592416E-4,8.542510867396765E-8,0.0,2
143.88.7.10,143.88.2.10,143.88.7.78,1024,0.25439453125,0.0,2,Reconnaissance,1.5214122036592416E-4,7.338249236461194E-8,0.0,2
143.88.7.10,143.88.2.10,143.88.7.83,1024,0.30902099609375,0.0,2,Reconnaissance,1.5214122036592416E-4,8.914000931910515E-8,0.0,2
143.88.7.10,143.88.2.10,143.88.7.87,1024,0.31536865234375,0.0,2,Reconnaissance,1.5214122036592416E-4,9.097105039538145E-8,0.0,2
143.88.7.10,143.88.2.10,143.88.7.84,1024,0.3668212890625,0.0,2,Reconnaissance,1.5214122036592416E-4,1.058130468117365E-7,0.0,2
143.88.7.10,143.88.2.10,143.88.7.85,1024,0.29132080078125,0.0,2,Reconnaissance,1.5214122036592416E-4,8.403422170256545E-8,0.0,2
143.88.7.10,143.88.2.10,143.88.7.86,1024,0.2823486328125,0.0,2,Reconnaissance,1.5214122036592416E-4,8.144611556590567E-8,0.0,2
143.88.7.10,143.88.2.10,143.88.7.88,1024,0.25775146484375,0.0,2,Reconnaissance,1.5214122036592416E-4,7.435083139533498E-8,0.0,2
143.88.7.10,143.88.2.10,143.88.7.90,1024,0.2802734375,0.0,2,Reconnaissance,1.5214122036592416E-4,8.084750598327687E-8,0.0,2
143.88.7.10,143.88.2.10,143.88.7.91,1024,0.2694091796875,0.0,2,Reconnaissance,1.5214122036592416E-4,7.77136087565732E-8,0.0,2
143.88.7.10,143.88.2.10,143.88.7.89,1024,0.26318359375,0.0,2,Reconnaissance,1.5214122036592416E-4,7.591778000868683E-8,0.0,2
143.88.7.10,143.88.2.10,143.88.7.92,1024,0.28485107421875,0.0,2,Reconnaissance,1.5214122036592416E-4,8.216796829789921E-8,0.0,2
143.88.7.10,143.88.2.10,143.88.7.106,1024,0.2235107421875,0.0,2,Reconnaissance,1.5214122036592416E-4,6.447377328195991E-8,0.0,2
143.88.7.10,143.88.2.10,143.88.7.101,1024,0.26824951171875,0.0,2,Reconnaissance,1.5214122036592416E-4,7.737909163686887E-8,0.0,2
143.88.7.10,143.88.2.10,143.88.7.104,1024,0.2593994140625,0.0,2,Reconnaissance,1.5214122036592416E-4,7.482619782859903E-8,0.0,2
143.88.7.10,143.88.2.10,143.88.7.100,1024,0.29718017578125,0.0,2,Reconnaissance,1.5214122036592416E-4,8.572441346528204E-8,0.0,2
143.88.7.10,143.88.2.10,143.88.7.103,1024,0.28900146484375,0.0,2,Reconnaissance,1.5214122036592416E-4,8.33651874631568E-8,0.0,2
143.88.7.10,143.88.2.10,143.88.7.102,1024,0.28411865234375,0.0,2,Reconnaissance,1.5214122036592416E-4,8.195669432755964E-8,0.0,2
143.88.7.10,143.88.2.10,143.88.7.97,1024,0.2816162109375,0.0,2,Reconnaissance,1.5214122036592416E-4,8.12348415955661E-8,0.0,2
143.88.7.10,143.88.2.10,143.88.7.99,1024,0.2598876953125,0.0,2,Reconnaissance,1.5214122036592416E-4,7.496704714215874E-8,0.0,2
143.88.7.10,143.88.2.10,143.88.7.98,1024,0.2608642578125,0.0,2,Reconnaissance,1.5214122036592416E-4,7.524874576927817E-8,0.0,2
143.88.7.10,143.88.2.10,143.88.7.105,1024,0.2652587890625,0.0,2,Reconnaissance,1.5214122036592416E-4,7.651638959131562E-8,0.0,2
143.88.7.10,143.88.2.10,143.88.7.113,1024,0.24676513671875,0.0,2,Reconnaissance,1.5214122036592416E-4,7.118172184024139E-8,0.0,2
143.88.7.10,143.88.2.10,143.88.7.117,1024,0.25732421875,0.0,2,Reconnaissance,1.5214122036592416E-4,7.422758824597024E-8,0.0,2
143.88.7.10,143.88.2.10,143.88.7.120,1024,0.25421142578125,0.0,2,Reconnaissance,1.5214122036592416E-4,7.332967387202705E-8,0.0,2
143.88.7.10,143.88.2.10,143.88.7.112,1024,0.242431640625,0.0,2,Reconnaissance,1.5214122036592416E-4,6.993168418239891E-8,0.0,2
143.88.7.10,143.88.2.10,143.88.7.114,1024,0.2508544921875,0.0,2,Reconnaissance,1.5214122036592416E-4,7.2361334841304E-8,0.0,2
143.88.7.10,143.88.2.10,143.88.7.118,1024,0.268310546875,0.0,2,Reconnaissance,1.5214122036592416E-4,7.739669780106383E-8,0.0,2
143.88.7.10,143.88.2.10,143.88.7.119,1024,0.26361083984375,0.0,2,Reconnaissance,1.5214122036592416E-4,7.604102315805157E-8,0.0,2
143.88.7.10,143.88.2.10,143.88.7.115,1024,0.2470703125,0.0,2,Reconnaissance,1.5214122036592416E-4,7.126975266121621E-8,0.0,2
143.88.7.10,143.88.2.10,143.88.7.111,1024,0.3642578125,0.0,2,Reconnaissance,1.5214122036592416E-4,1.05073587915548E-7,0.0,2
143.88.7.10,143.88.2.10,143.88.7.116,1024,0.2764892578125,0.0,2,Reconnaissance,1.5214122036592416E-4,7.975592380318908E-8,0.0,2
143.88.7.10,143.88.2.10,143.88.7.130,1024,256.5888671875,0.0,2,Reconnaissance,1.5214122036592416E-4,7.401546917974931E-5,0.0,2
143.88.7.10,143.88.2.10,143.88.7.132,1024,256.6220703125,0.0,2,Reconnaissance,1.5214122036592416E-4,7.402504693307136E-5,0.0,2
143.88.7.10,143.88.2.10,143.88.7.134,1024,256.58392333984375,0.0,2,Reconnaissance,1.5214122036592416E-4,7.401404308044951E-5,0.0,2
143.88.7.10,143.88.2.10,143.88.7.131,1024,256.5748291015625,0.0,2,Reconnaissance,1.5214122036592416E-4,7.401141976198446E-5,0.0,2
143.88.7.10,143.88.2.10,143.88.7.126,1024,256.66436767578125,0.0,2,Reconnaissance,1.5214122036592416E-4,7.403724800485848E-5,0.0,2
143.88.7.10,143.88.2.10,143.88.7.127,1024,256.608154296875,0.0,2,Reconnaissance,1.5214122036592416E-4,7.402103272763491E-5,0.0,2
143.88.7.10,143.88.2.10,143.88.7.125,1024,256.62628173828125,0.0,2,Reconnaissance,1.5214122036592416E-4,7.402626175840082E-5,0.0,2
143.88.7.10,143.88.2.10,143.88.7.128,1024,256.5784912109375,0.0,2,Reconnaissance,1.5214122036592416E-4,7.401247613183616E-5,0.0,2
143.88.7.10,143.88.2.10,143.88.7.129,1024,256.5811767578125,0.0,2,Reconnaissance,1.5214122036592416E-4,7.401325080306073E-5,0.0,2
143.88.7.10,143.88.2.10,143.88.7.133,1024,256.58416748046875,0.0,2,Reconnaissance,1.5214122036592416E-4,7.401411350510629E-5,0.0,2
143.88.7.10,143.88.2.10,143.88.7.140,1024,0.53704833984375,0.0,2,Reconnaissance,1.5214122036592416E-4,1.5491663875149244E-7,0.0,2
143.88.7.10,143.88.2.10,143.88.7.139,1024,0.4403076171875,0.0,2,Reconnaissance,1.5214122036592416E-4,1.2701086850247373E-7,0.0,2
143.88.7.10,143.88.2.10,143.88.7.142,1024,0.51361083984375,0.0,2,Reconnaissance,1.5214122036592416E-4,1.4815587170062608E-7,0.0,2
143.88.7.10,143.88.2.10,143.88.7.143,1024,0.52508544921875,0.0,2,Reconnaissance,1.5214122036592416E-4,1.514658305692794E-7,0.0,2
143.88.7.10,143.88.2.10,143.88.7.144,1024,0.53759765625,0.0,2,Reconnaissance,1.5214122036592416E-4,1.550750942292471E-7,0.0,2
143.88.7.10,143.88.2.10,143.88.7.146,1024,0.5396728515625,0.0,2,Reconnaissance,1.5214122036592416E-4,1.556737038118759E-7,0.0,2
143.88.7.10,143.88.2.10,143.88.7.147,1024,0.5345458984375,0.0,2,Reconnaissance,1.5214122036592416E-4,1.541947860194989E-7,0.0,2
143.88.7.10,143.88.2.10,143.88.7.141,1024,0.50079345703125,0.0,2,Reconnaissance,1.5214122036592416E-4,1.4445857721968354E-7,0.0,2
143.88.7.10,143.88.2.10,143.88.7.145,1024,0.53863525390625,0.0,2,Reconnaissance,1.5214122036592416E-4,1.553743990205615E-7,0.0,2
143.88.7.10,143.88.2.10,143.88.7.148,1024,0.538330078125,0.0,2,Reconnaissance,1.5214122036592416E-4,1.5528636819958668E-7,0.0,2
143.88.7.10,143.88.2.10,143.88.7.154,1024,0.26904296875,0.0,2,Reconnaissance,1.5214122036592416E-4,7.760797177140342E-8,0.0,2
143.88.7.10,143.88.2.10,143.88.7.157,1024,0.29388427734375,0.0,2,Reconnaissance,1.5214122036592416E-4,8.477368059875395E-8,0.0,2
143.88.7.10,143.88.2.10,143.88.7.159,1024,0.23907470703125,0.0,2,Reconnaissance,1.5214122036592416E-4,6.896334515167586E-8,0.0,2
143.88.7.10,143.88.2.10,143.88.7.156,1024,0.31488037109375,0.0,2,Reconnaissance,1.5214122036592416E-4,9.083020108182174E-8,0.0,2
143.88.7.10,143.88.2.10,143.88.7.153,1024,0.22271728515625,0.0,2,Reconnaissance,1.5214122036592416E-4,6.424489314742538E-8,0.0,2
143.88.7.10,143.88.2.10,143.88.7.162,1024,0.22039794921875,0.0,2,Reconnaissance,1.5214122036592416E-4,6.357585890801673E-8,0.0,2
143.88.7.10,143.88.2.10,143.88.7.155,1024,0.25164794921875,0.0,2,Reconnaissance,1.5214122036592416E-4,7.259021497583853E-8,0.0,2
143.88.7.10,143.88.2.10,143.88.7.158,1024,0.27874755859375,0.0,2,Reconnaissance,1.5214122036592416E-4,8.040735187840276E-8,0.0,2
143.88.7.10,143.88.2.10,143.88.7.161,1024,0.21710205078125,0.0,2,Reconnaissance,1.5214122036592416E-4,6.262512604148864E-8,0.0,2
143.88.7.10,143.88.2.10,143.88.7.160,1024,0.20587158203125,0.0,2,Reconnaissance,1.5214122036592416E-4,5.938559182961518E-8,0.0,2
143.88.7.10,143.88.2.10,143.88.7.172,1024,0.31463623046875,0.0,2,Reconnaissance,1.5214122036592416E-4,9.075977642504188E-8,0.0,2
143.88.7.10,143.88.2.10,143.88.7.169,1024,0.27618408203125,0.0,2,Reconnaissance,1.5214122036592416E-4,7.966789298221426E-8,0.0,2
143.88.7.10,143.88.2.10,143.88.7.175,1024,0.2664794921875,0.0,2,Reconnaissance,1.5214122036592416E-4,7.686851287521491E-8,0.0,2
143.88.7.10,143.88.2.10,143.88.7.168,1024,0.26544189453125,0.0,2,Reconnaissance,1.5214122036592416E-4,7.656920808390051E-8,0.0,2
143.88.7.10,143.88.2.10,143.88.7.171,1024,0.28753662109375,0.0,2,Reconnaissance,1.5214122036592416E-4,8.294263952247765E-8,0.0,2
143.88.7.10,143.88.2.10,143.88.7.176,1024,0.26824951171875,0.0,2,Reconnaissance,1.5214122036592416E-4,7.737909163686887E-8,0.0,2
143.88.7.10,143.88.2.10,143.88.7.167,1024,0.23602294921875,0.0,2,Reconnaissance,1.5214122036592416E-4,6.808303694192764E-8,0.0,2
143.88.7.10,143.88.2.10,143.88.7.173,1024,0.29644775390625,0.0,2,Reconnaissance,1.5214122036592416E-4,8.551313949494247E-8,0.0,2
143.88.7.10,143.88.2.10,143.88.7.174,1024,0.26776123046875,0.0,2,Reconnaissance,1.5214122036592416E-4,7.723824232330916E-8,0.0,2
143.88.7.10,143.88.2.10,143.88.7.170,1024,0.3712158203125,0.0,2,Reconnaissance,1.5214122036592416E-4,1.0708069063377394E-7,0.0,2
143.88.7.10,143.88.2.10,143.88.7.181,1024,0.26593017578125,0.0,2,Reconnaissance,1.5214122036592416E-4,7.671005739746023E-8,0.0,2
143.88.7.10,143.88.2.10,143.88.7.185,1024,0.3023681640625,0.0,2,Reconnaissance,1.5214122036592416E-4,8.722093742185402E-8,0.0,2
143.88.7.10,143.88.2.10,143.88.7.188,1024,0.25933837890625,0.0,2,Reconnaissance,1.5214122036592416E-4,7.480859166440406E-8,0.0,2
143.88.7.10,143.88.2.10,143.88.7.189,1024,0.327392578125,0.0,2,Reconnaissance,1.5214122036592416E-4,9.443946474178945E-8,0.0,2
143.88.7.10,143.88.2.10,143.88.7.183,1024,0.30743408203125,0.0,2,Reconnaissance,1.5214122036592416E-4,8.868224905003607E-8,0.0,2
143.88.7.10,143.88.2.10,143.88.7.186,1024,0.2908935546875,0.0,2,Reconnaissance,1.5214122036592416E-4,8.39109785532007E-8,0.0,2
143.88.7.10,143.88.2.10,143.88.7.182,1024,0.2623291015625,0.0,2,Reconnaissance,1.5214122036592416E-4,7.567129370995732E-8,0.0,2
143.88.7.10,143.88.2.10,143.88.7.187,1024,0.2578125,0.0,2,Reconnaissance,1.5214122036592416E-4,7.436843755952995E-8,0.0,2
143.88.7.10,143.88.2.10,143.88.7.184,1024,0.279541015625,0.0,2,Reconnaissance,1.5214122036592416E-4,8.06362320129373E-8,0.0,2
143.88.7.10,143.88.2.10,143.88.7.190,1024,0.297119140625,0.0,2,Reconnaissance,1.5214122036592416E-4,8.570680730108708E-8,0.0,2
143.88.7.10,143.88.2.10,143.88.7.197,1024,0.2862548828125,0.0,2,Reconnaissance,1.5214122036592416E-4,8.25729100743834E-8,0.0,2
143.88.7.10,143.88.2.10,143.88.7.199,1024,0.29083251953125,0.0,2,Reconnaissance,1.5214122036592416E-4,8.389337238900574E-8,0.0,2
143.88.7.10,143.88.2.10,143.88.7.201,1024,0.39324951171875,0.0,2,Reconnaissance,1.5214122036592416E-4,1.1343651590815613E-7,0.0,2
143.88.7.10,143.88.2.10,143.88.7.198,1024,0.28717041015625,0.0,2,Reconnaissance,1.5214122036592416E-4,8.283700253730787E-8,0.0,2
143.88.7.10,143.88.2.10,143.88.7.203,1024,0.34478759765625,0.0,2,Reconnaissance,1.5214122036592416E-4,9.945722153735434E-8,0.0,2
143.88.7.10,143.88.2.10,143.88.7.200,1024,0.30023193359375,0.0,2,Reconnaissance,1.5214122036592416E-4,8.660472167503026E-8,0.0,2
143.88.7.10,143.88.2.10,143.88.7.195,1024,0.3092041015625,0.0,2,Reconnaissance,1.5214122036592416E-4,8.919282781169004E-8,0.0,2
143.88.7.10,143.88.2.10,143.88.7.196,1024,0.30926513671875,0.0,2,Reconnaissance,1.5214122036592416E-4,8.9210433975885E-8,0.0,2
143.88.7.10,143.88.2.10,143.88.7.204,1024,0.31134033203125,0.0,2,Reconnaissance,1.5214122036592416E-4,8.98090435585138E-8,0.0,2
143.88.7.10,143.88.2.10,143.88.7.202,1024,0.30218505859375,0.0,2,Reconnaissance,1.5214122036592416E-4,8.716811892926912E-8,0.0,2
143.88.7.10,143.88.2.10,143.88.7.209,1024,0.25341796875,0.0,2,Reconnaissance,1.5214122036592416E-4,7.31007937374925E-8,0.0,2
143.88.7.10,143.88.2.10,143.88.7.216,1024,0.3260498046875,0.0,2,Reconnaissance,1.5214122036592416E-4,9.405212912950024E-8,0.0,2
143.88.7.10,143.88.2.10,143.88.7.212,1024,0.33074951171875,0.0,2,Reconnaissance,1.5214122036592416E-4,9.54078037725125E-8,0.0,2
143.88.7.10,143.88.2.10,143.88.7.213,1024,0.34149169921875,0.0,2,Reconnaissance,1.5214122036592416E-4,9.850648867082625E-8,0.0,2
143.88.7.10,143.88.2.10,143.88.7.214,1024,0.27056884765625,0.0,2,Reconnaissance,1.5214122036592416E-4,7.804812587627753E-8,0.0,2
143.88.7.10,143.88.2.10,143.88.7.215,1024,0.26092529296875,0.0,2,Reconnaissance,1.5214122036592416E-4,7.526635193347315E-8,0.0,2
143.88.7.10,143.88.2.10,143.88.7.211,1024,0.30999755859375,0.0,2,Reconnaissance,1.5214122036592416E-4,8.942170794622458E-8,0.0,2
143.88.7.10,143.88.2.10,143.88.7.217,1024,0.3212890625,0.0,2,Reconnaissance,1.5214122036592416E-4,9.2678848322293E-8,0.0,2
143.88.7.10,143.88.2.10,143.88.7.210,1024,0.33843994140625,0.0,2,Reconnaissance,1.5214122036592416E-4,9.762618046107803E-8,0.0,2
143.88.7.10,143.88.2.10,143.88.7.218,1024,0.31146240234375,0.0,2,Reconnaissance,1.5214122036592416E-4,8.984425588690372E-8,0.0,2
143.88.7.10,143.88.2.10,143.88.7.229,1024,0.27880859375,0.0,2,Reconnaissance,1.5214122036592416E-4,8.042495804259774E-8,0.0,2
143.88.7.10,143.88.2.10,143.88.7.226,1024,0.24853515625,0.0,2,Reconnaissance,1.5214122036592416E-4,7.169230060189535E-8,0.0,2
143.88.7.10,143.88.2.10,143.88.7.227,1024,0.23504638671875,0.0,2,Reconnaissance,1.5214122036592416E-4,6.780133831480821E-8,0.0,2
143.88.7.10,143.88.2.10,143.88.7.223,1024,0.23187255859375,0.0,2,Reconnaissance,1.5214122036592416E-4,6.688581777667004E-8,0.0,2
143.88.7.10,143.88.2.10,143.88.7.225,1024,0.27886962890625,0.0,2,Reconnaissance,1.5214122036592416E-4,8.04425642067927E-8,0.0,2
143.88.7.10,143.88.2.10,143.88.7.230,1024,0.237060546875,0.0,2,Reconnaissance,1.5214122036592416E-4,6.838234173324203E-8,0.0,2
143.88.7.10,143.88.2.10,143.88.7.231,1024,0.246337890625,0.0,2,Reconnaissance,1.5214122036592416E-4,7.105847869087663E-8,0.0,2
143.88.7.10,143.88.2.10,143.88.7.228,1024,0.24859619140625,0.0,2,Reconnaissance,1.5214122036592416E-4,7.170990676609032E-8,0.0,2
143.88.7.10,143.88.2.10,143.88.7.224,1024,0.29364013671875,0.0,2,Reconnaissance,1.5214122036592416E-4,8.47032559419741E-8,0.0,2
143.88.7.10,143.88.2.10,143.88.7.232,1024,0.2662353515625,0.0,2,Reconnaissance,1.5214122036592416E-4,7.679808821843505E-8,0.0,2
143.88.7.10,143.88.2.10,143.88.7.239,1024,0.3402099609375,0.0,2,Reconnaissance,1.5214122036592416E-4,9.8136759222732E-8,0.0,2
143.88.7.10,143.88.2.10,143.88.7.241,1024,0.29803466796875,0.0,2,Reconnaissance,1.5214122036592416E-4,8.597089976401154E-8,0.0,2
143.88.7.10,143.88.2.10,143.88.7.242,1024,0.2998046875,0.0,2,Reconnaissance,1.5214122036592416E-4,8.648147852566552E-8,0.0,2
143.88.7.10,143.88.2.10,143.88.7.238,1024,0.3333740234375,0.0,2,Reconnaissance,1.5214122036592416E-4,9.616486883289598E-8,0.0,2
143.88.7.10,143.88.2.10,143.88.7.245,1024,0.3116455078125,0.0,2,Reconnaissance,1.5214122036592416E-4,8.989707437948862E-8,0.0,2
143.88.7.10,143.88.2.10,143.88.7.240,1024,0.3350830078125,0.0,2,Reconnaissance,1.5214122036592416E-4,9.665784143035498E-8,0.0,2
143.88.7.10,143.88.2.10,143.88.7.246,1024,0.25579833984375,0.0,2,Reconnaissance,1.5214122036592416E-4,7.378743414109612E-8,0.0,2
143.88.7.10,143.88.2.10,143.88.7.244,1024,0.29876708984375,0.0,2,Reconnaissance,1.5214122036592416E-4,8.618217373435111E-8,0.0,2
143.88.7.10,143.88.2.10,143.88.7.237,1024,0.3330078125,0.0,2,Reconnaissance,1.5214122036592416E-4,9.605923184772618E-8,0.0,2
143.88.7.10,143.88.2.10,143.88.7.243,1024,0.30517578125,0.0,2,Reconnaissance,1.5214122036592416E-4,8.803082097482238E-8,0.0,2
143.88.7.10,143.88.2.10,143.88.7.255,1024,0.34222412109375,0.0,2,Reconnaissance,1.5214122036592416E-4,9.871776264116582E-8,0.0,2
143.88.7.10,143.88.2.10,143.88.7.254,1024,0.35198974609375,0.0,2,Reconnaissance,1.5214122036592416E-4,1.0153474891236014E-7,0.0,2
143.88.7.10,143.88.2.10,143.88.7.24,1024,0.17047119140625,0.0,2,Reconnaissance,1.5214122036592416E-4,4.9174016596535784E-8,0.0,2
143.88.7.10,143.88.2.10,143.88.7.37,1024,0.22918701171875,0.0,2,Reconnaissance,1.5214122036592416E-4,6.611114655209162E-8,0.0,2
143.88.7.10,143.88.2.10,143.88.7.54,1024,0.1943359375,0.0,2,Reconnaissance,1.5214122036592416E-4,5.6058026796766895E-8,0.0,2
143.88.7.10,143.88.2.10,143.88.7.53,1024,0.1787109375,0.0,2,Reconnaissance,1.5214122036592416E-4,5.155084876285599E-8,0.0,2
143.88.7.10,143.88.2.10,143.88.7.65,1024,0.281005859375,0.0,2,Reconnaissance,1.5214122036592416E-4,8.105877995361646E-8,0.0,2
143.88.7.10,143.88.2.10,143.88.7.66,1024,0.28021240234375,0.0,2,Reconnaissance,1.5214122036592416E-4,8.082989981908191E-8,0.0,2
143.88.7.10,143.88.2.10,143.88.7.26,1024,0.16845703125,0.0,2,Reconnaissance,1.5214122036592416E-4,4.8593013178101956E-8,0.0,2
143.88.7.10,143.88.2.10,143.88.7.25,1024,0.227294921875,0.0,2,Reconnaissance,1.5214122036592416E-4,6.556535546204771E-8,0.0,2
143.88.7.10,143.88.2.10,143.88.7.39,1024,0.28668212890625,0.0,2,Reconnaissance,1.5214122036592416E-4,8.269615322374815E-8,0.0,2
143.88.7.10,143.88.2.10,143.88.7.40,1024,0.28948974609375,0.0,2,Reconnaissance,1.5214122036592416E-4,8.350603677671651E-8,0.0,2
143.88.7.10,143.88.2.10,143.88.7.81,1024,0.3131103515625,0.0,2,Reconnaissance,1.5214122036592416E-4,9.031962232016777E-8,0.0,2
143.88.7.10,143.88.2.10,143.88.7.179,1024,0.17633056640625,0.0,2,Reconnaissance,1.5214122036592416E-4,5.086420835925237E-8,0.0,2
143.88.7.10,143.88.2.10,143.88.7.180,1024,0.18231201171875,0.0,2,Reconnaissance,1.5214122036592416E-4,5.258961245035889E-8,0.0,2
143.88.7.10,143.88.2.10,143.88.7.250,1024,0.31719970703125,0.0,2,Reconnaissance,1.5214122036592416E-4,9.149923532123039E-8,0.0,2
143.88.7.10,143.88.2.10,143.88.7.251,1024,0.3980712890625,0.0,2,Reconnaissance,1.5214122036592416E-4,1.1482740287955831E-7,0.0,2
143.88.7.10,143.88.2.10,143.88.7.252,1024,0.36865234375,0.0,2,Reconnaissance,1.5214122036592416E-4,1.0634123173758544E-7,0.0,2
143.88.7.10,143.88.2.10,143.88.7.23,1024,0.221435546875,0.0,2,Reconnaissance,1.5214122036592416E-4,6.387516369933112E-8,0.0,2
143.88.7.10,143.88.2.10,143.88.7.51,1024,0.15789794921875,0.0,2,Reconnaissance,1.5214122036592416E-4,4.5547146772373105E-8,0.0,2
143.88.7.10,143.88.2.10,143.88.7.163,1024,0.1239013671875,0.0,2,Reconnaissance,1.5214122036592416E-4,3.574051331577789E-8,0.0,2
143.88.7.10,143.88.2.10,143.88.7.95,1024,0.17767333984375,0.0,2,Reconnaissance,1.5214122036592416E-4,5.1251543971541594E-8,0.0,2
143.88.7.10,143.88.2.10,143.88.7.108,1024,0.17633056640625,0.0,2,Reconnaissance,1.5214122036592416E-4,5.086420835925237E-8,0.0,2
143.88.7.10,143.88.2.10,143.88.7.109,1024,0.15802001953125,0.0,2,Reconnaissance,1.5214122036592416E-4,4.558235910076303E-8,0.0,2
143.88.7.10,143.88.2.10,143.88.7.122,1024,0.1385498046875,0.0,2,Reconnaissance,1.5214122036592416E-4,3.996599272256936E-8,0.0,2
143.88.7.10,143.88.2.10,143.88.7.138,1024,0.1416015625,0.0,2,Reconnaissance,1.5214122036592416E-4,4.084630093231759E-8,0.0,2
143.88.7.10,143.88.2.10,143.88.7.253,1024,0.35540771484375,0.0,2,Reconnaissance,1.5214122036592416E-4,1.0252069410727815E-7,0.0,2
143.88.7.10,143.88.2.10,143.88.7.0,1024,0.38299560546875,0.0,2,Reconnaissance,1.5214122036592416E-4,1.104786803234021E-7,0.0,2
143.88.7.10,143.88.2.10,143.88.7.38,1024,0.2064208984375,0.0,2,Reconnaissance,1.5214122036592416E-4,5.954404730736986E-8,0.0,2
143.88.7.10,143.88.2.10,143.88.7.52,1024,0.14208984375,0.0,2,Reconnaissance,1.5214122036592416E-4,4.09871502458773E-8,0.0,2
143.88.7.10,143.88.2.10,143.88.7.67,1024,0.2708740234375,0.0,2,Reconnaissance,1.5214122036592416E-4,7.813615669725235E-8,0.0,2
143.88.7.10,143.88.2.10,143.88.7.68,1024,0.242919921875,0.0,2,Reconnaissance,1.5214122036592416E-4,7.007253349595862E-8,0.0,2
143.88.7.10,143.88.2.10,143.88.7.164,1024,0.14569091796875,0.0,2,Reconnaissance,1.5214122036592416E-4,4.2025913933380205E-8,0.0,2
143.88.7.10,143.88.2.10,143.88.7.79,1024,0.182861328125,0.0,2,Reconnaissance,1.5214122036592416E-4,5.2748067928113576E-8,0.0,2
143.88.7.10,143.88.2.10,143.88.7.123,1024,0.128662109375,0.0,2,Reconnaissance,1.5214122036592416E-4,3.711379412298512E-8,0.0,2
143.88.7.10,143.88.2.10,143.88.7.149,1024,0.195556640625,0.0,2,Reconnaissance,1.5214122036592416E-4,5.6410150080666185E-8,0.0,2
143.88.7.10,143.88.2.10,143.88.7.152,1024,0.13287353515625,0.0,2,Reconnaissance,1.5214122036592416E-4,3.8328619452437665E-8,0.0,2
143.88.7.10,143.88.2.10,143.88.7.177,1024,0.10675048828125,0.0,2,Reconnaissance,1.5214122036592416E-4,3.079318117699287E-8,0.0,2
143.88.7.10,143.88.2.10,143.88.7.221,1024,0.16815185546875,0.0,2,Reconnaissance,1.5214122036592416E-4,4.8504982357127134E-8,0.0,2
143.88.7.10,143.88.2.10,143.88.7.249,1024,0.1981201171875,0.0,2,Reconnaissance,1.5214122036592416E-4,5.7149608976854696E-8,0.0,2
143.88.7.10,143.88.2.10,143.88.7.80,1024,0.1343994140625,0.0,2,Reconnaissance,1.5214122036592416E-4,3.876877355731178E-8,0.0,2
143.88.7.10,143.88.2.10,143.88.7.121,1024,0.1943359375,0.0,2,Reconnaissance,1.5214122036592416E-4,5.6058026796766895E-8,0.0,2
143.88.7.10,143.88.2.10,143.88.7.135,1024,0.26617431640625,0.0,2,Reconnaissance,1.5214122036592416E-4,7.678048205424009E-8,0.0,2
143.88.7.10,143.88.2.10,143.88.7.233,1024,0.16973876953125,0.0,2,Reconnaissance,1.5214122036592416E-4,4.896274262619621E-8,0.0,2
143.88.7.10,143.88.2.10,143.88.7.236,1024,0.19073486328125,0.0,2,Reconnaissance,1.5214122036592416E-4,5.5019263109263993E-8,0.0,2
143.88.7.10,143.88.2.10,143.88.7.248,1024,0.17041015625,0.0,2,Reconnaissance,1.5214122036592416E-4,4.915641043234082E-8,0.0,2
143.88.7.10,143.88.2.10,143.88.7.165,1024,0.15484619140625,0.0,2,Reconnaissance,1.5214122036592416E-4,4.466683856262488E-8,0.0,2
143.88.7.10,143.88.2.10,143.88.7.193,1024,0.21807861328125,0.0,2,Reconnaissance,1.5214122036592416E-4,6.290682466860808E-8,0.0,2
143.88.7.10,143.88.2.10,143.88.7.208,1024,0.1646728515625,0.0,2,Reconnaissance,1.5214122036592416E-4,4.7501430998014156E-8,0.0,2
143.88.7.10,143.88.2.10,143.88.7.219,1024,0.12408447265625,0.0,2,Reconnaissance,1.5214122036592416E-4,3.579333180836278E-8,0.0,2
143.88.7.10,143.88.2.10,143.88.7.191,1024,0.163818359375,0.0,2,Reconnaissance,1.5214122036592416E-4,4.725494469928466E-8,0.0,2
143.88.7.10,143.88.2.10,143.88.7.192,1024,0.20867919921875,0.0,2,Reconnaissance,1.5214122036592416E-4,6.019547538258355E-8,0.0,2
143.88.7.10,143.88.2.10,143.88.7.235,1024,0.17333984375,0.0,2,Reconnaissance,1.5214122036592416E-4,5.0001506313699117E-8,0.0,2
143.88.7.10,143.88.2.10,143.88.7.247,1024,0.3038330078125,0.0,2,Reconnaissance,1.5214122036592416E-4,8.764348536253317E-8,0.0,2
143.88.7.10,143.88.2.10,143.88.7.82,1024,0.1629638671875,0.0,2,Reconnaissance,1.5214122036592416E-4,4.700845840055515E-8,0.0,2
143.88.7.10,143.88.2.10,143.88.7.124,1024,0.11004638671875,0.0,2,Reconnaissance,1.5214122036592416E-4,3.174391404352095E-8,0.0,2
143.88.7.10,143.88.2.10,143.88.7.150,1024,0.19671630859375,0.0,2,Reconnaissance,1.5214122036592416E-4,5.674466720037051E-8,0.0,2
143.88.7.10,143.88.2.10,143.88.7.220,1024,0.1717529296875,0.0,2,Reconnaissance,1.5214122036592416E-4,4.9543746044630036E-8,0.0,2
143.88.7.10,143.88.2.10,143.88.7.194,1024,0.13446044921875,0.0,2,Reconnaissance,1.5214122036592416E-4,3.878637972150674E-8,0.0,2
143.88.7.10,143.88.2.10,143.88.7.222,1024,0.1485595703125,0.0,2,Reconnaissance,1.5214122036592416E-4,4.285340365054354E-8,0.0,2
143.88.7.10,143.88.2.10,143.88.7.110,1024,0.1876220703125,0.0,2,Reconnaissance,1.5214122036592416E-4,5.41213487353208E-8,0.0,2
143.88.7.10,143.88.2.10,143.88.7.207,1024,0.1556396484375,0.0,2,Reconnaissance,1.5214122036592416E-4,4.489571869715942E-8,0.0,2
143.88.7.10,143.88.2.10,143.88.7.205,1024,0.2034912109375,0.0,2,Reconnaissance,1.5214122036592416E-4,5.8698951426011564E-8,0.0,2
143.88.7.10,143.88.2.10,143.88.7.166,1024,0.19964599609375,0.0,2,Reconnaissance,1.5214122036592416E-4,5.75897630817288E-8,0.0,2
143.88.7.10,143.88.2.10,143.88.7.234,1024,0.16583251953125,0.0,2,Reconnaissance,1.5214122036592416E-4,4.7835948117718484E-8,0.0,2
143.88.7.10,143.88.2.10,143.88.7.94,1024,0.18511962890625,0.0,2,Reconnaissance,1.5214122036592416E-4,5.339949600332726E-8,0.0,2
143.88.7.10,143.88.2.10,143.88.7.96,1024,0.1978759765625,0.0,2,Reconnaissance,1.5214122036592416E-4,5.7079184320074835E-8,0.0,2
143.88.7.10,143.88.2.10,143.88.7.137,1024,0.0975341796875,0.0,2,Reconnaissance,1.5214122036592416E-4,2.8134650383553235E-8,0.0,2
143.88.7.10,143.88.2.10,143.88.7.151,1024,0.20428466796875,0.0,2,Reconnaissance,1.5214122036592416E-4,5.892783156054611E-8,0.0,2
143.88.7.10,143.88.2.10,143.88.7.178,1024,0.1339111328125,0.0,2,Reconnaissance,1.5214122036592416E-4,3.8627924243752063E-8,0.0,2
143.88.7.10,143.88.2.10,143.88.7.107,1024,0.216796875,0.0,2,Reconnaissance,1.5214122036592416E-4,6.253709522051382E-8,0.0,2
143.88.7.10,143.88.2.10,143.88.7.136,1024,0.21685791015625,0.0,2,Reconnaissance,1.5214122036592416E-4,6.255470138470879E-8,0.0,2
143.88.7.10,143.88.2.10,143.88.7.206,1024,0.3282470703125,0.0,2,Reconnaissance,1.5214122036592416E-4,9.468595104051896E-8,0.0,2
143.88.7.10,143.88.2.10,143.88.7.93,1024,0.37322998046875,0.0,2,Reconnaissance,1.5214122036592416E-4,1.0766169405220778E-7,0.0,2
143.88.9.18,143.88.9.18,143.88.4.11,2,6.645941734313965,0.0,1,Lateral Movement,1.4872064551898747E-7,1.9170843263713057E-6,0.0,1
143.88.3.12,143.88.3.12,143.88.8.12,4,10.128880023956299,7723.0,1,Reconnaissance,4.461619365569624E-7,2.9217705953340675E-6,2.90930890242445E-9,3
143.88.5.12,143.88.5.12,143.88.5.1,502528,943576.7243041992,3.6458752E7,1,Reconnaissance,0.07473613983072021,0.2721835702459836,1.373427058978185E-5,3
143.88.11.10,143.88.11.10,143.88.11.14,16283,0.7503447532653809,0.0,1,none,0.002421469550340154,2.164439929457935E-7,0.0,1810,N
143.88.11.10,143.88.11.14,143.88.11.1,488029,1267576.9191150665,4.0376997E7,2,none,0.07257983919134041,0.36564447015218493,1.5210301285156715E-5,3
143.88.11.10,143.88.11.10,143.88.11.1,101378,321922.30795431137,1.9268422E7,1,none,0.015076852880778391,0.09286151392240476,7.258551296163553E-6,1812
143.88.11.10,143.88.11.10,8.8.8.8,455407,588871.2898569107,4.366453E7,1,none,0.06772827429322001,0.16986545551640642,1.6448738294597884E-5,1
143.88.11.10,143.88.11.10,8.8.4.4,453955,590266.6368265152,4.3591546E7,1,none,0.06751233191592644,0.17026795645791587,1.6421244703903266E-5,1
143.88.11.10,143.88.11.10,143.88.11.11,42362,22.53738784790039,112.0,1,none,0.006299955264829828,6.501121244786383E-6,4.219119475223856E-11,1812,N
143.88.11.10,143.88.11.11,143.88.11.255,14260,106292.68765354156,8057997.0,2,none,0.002120607684455242,0.030661124285273313,3.0355046494638753E-6,2
143.88.11.10,143.88.11.11,224.0.0.251,570,79.02963781356812,12030.0,2,none,8.462204730030387E-5,2.279684144519993E-5,4.531786364905624E-9,1
143.88.11.10,143.88.11.11,143.88.11.1,6856,16329.757190942764,643953.0,2,none,0.001019480025032659,0.004710471866247417,2.425816645918596E-7,3
143.88.11.10,143.88.11.11,193.67.79.202,3,2.529621124267578E-4,288.0,2,none,2.9744129103797494E-7,7.296929769866136E-11,1.0849164364861344E-10,1
143.88.11.10,143.88.11.11,192.43.244.18,4,1.7595291137695312E-4,384.0,2,none,4.461619365569624E-7,5.075527021829603E-11,1.4465552486481792E-10,1
143.88.11.10,143.88.11.11,128.250.36.3,4,2.2172927856445312E-4,384.0,2,none,4.461619365569624E-7,6.39598933645194E-11,1.4465552486481792E-10,1
143.88.11.10,143.88.11.10,143.88.11.13,30851,1084.328323841095,0.0,1,none,0.004588031914260763,3.1278469137689696E-4,0.0,1810,N
143.88.11.10,143.88.11.13,143.88.11.1,96812,287416.09841012955,7711214.0,2,none,0.014397794413338695,0.08290787362217672,2.9048690325909688E-6,2
143.88.11.10,143.88.11.13,224.0.0.252,1146,113.29887843132019,89920.0,2,none,1.7028513911924065E-4,3.268212583247286E-5,3.387350207251153E-8,1
143.88.11.10,143.88.11.13,224.0.0.251,1066,16.30058765411377,1192.0,2,none,1.5838748747772164E-4,4.7020576393254966E-6,4.4903485843453896E-10,1
143.88.11.10,143.88.11.13,255.255.255.255,4,0.0,0.0,2,none,4.461619365569624E-7,0.0,0.0,1
143.88.11.10,143.88.11.13,143.88.11.255,12,200.42250084877014,8748.0,2,none,1.635927100708862E-6,5.781375317293227E-5,3.295433675826633E-9,1
143.88.11.10,143.88.11.10,143.88.11.12,30842,171.3305356502533,0.0,1,none,0.0045866934284510925,4.942190251654471E-5,0.0,1810,N
143.88.11.10,143.88.11.12,224.0.0.252,1135,112.16460347175598,89054.0,2,none,1.686492120185318E-4,3.235493356481443E-5,3.354727372737368E-8,1
143.88.11.10,143.88.11.12,143.88.11.1,2172,4805.439386367798,277130.0,2,none,3.228725214217218E-4,0.0013861741341137435,1.0439683751507029E-7,2
143.88.11.10,143.88.11.12,255.255.255.255,4,0.0,0.0,2,none,4.461619365569624E-7,0.0,0.0,1
143.88.11.10,143.88.11.12,224.2.2.4,4,6.372443675994873,884.0,2,none,4.461619365569624E-7,1.8381912421618278E-6,3.330090728658829E-10,1
143.88.11.10,143.88.11.12,143.88.11.255,14,217.45330619812012,10464.0,2,none,1.933368391746837E-6,6.272644896623803E-5,3.941863052566288E-9,1
143.88.11.10,143.88.11.10,143.88.11.255,12,0.0,0.0,1,none,1.635927100708862E-6,0.0,0.0,1
143.88.11.10,143.88.11.10,143.88.0.42,3922,259.9019966125488,600.0,1,none,5.831336510799498E-4,7.497117248650667E-5,2.26024257601278E-10,1002,N
143.88.11.10,143.88.0.42,143.88.0.41,30761,300.55627942085266,1242879.0,2,none,0.004574647056164055,8.669828227581796E-5,4.682013387720313E-7,3
143.88.11.10,143.88.0.42,202.12.27.33,2570,0.0,0.0,2,none,3.820633383382788E-4,0.0,0.0,1
143.88.11.10,143.88.0.42,192.33.4.12,2638,0.0,0.0,2,none,3.9217634223356993E-4,0.0,0.0,1
143.88.11.10,143.88.0.42,193.0.14.129,2641,0.0,0.0,2,none,3.926225041701269E-4,0.0,0.0,1
143.88.11.10,143.88.0.42,192.36.148.17,2609,0.0,0.0,2,none,3.878634435135193E-4,0.0,0.0,1
143.88.11.10,143.88.0.42,198.97.190.53,2553,0.0,0.0,2,none,3.79535087364456E-4,0.0,0.0,1
143.88.11.10,143.88.0.42,199.9.14.201,2579,0.0,0.0,2,none,3.8340182414794966E-4,0.0,0.0,1
143.88.11.10,143.88.0.42,192.203.230.10,2614,0.0,0.0,2,none,3.8860704674111425E-4,0.0,0.0,1
143.88.11.10,143.88.0.42,199.7.83.42,2601,0.0,0.0,2,none,3.866736783493674E-4,0.0,0.0,1
143.88.11.10,143.88.0.42,199.7.91.13,2591,0.0,0.0,2,none,3.851864718941775E-4,0.0,0.0,1
143.88.11.10,143.88.0.42,192.112.36.4,2530,0.0,0.0,2,none,3.761145125175193E-4,0.0,0.0,1
143.88.11.10,143.88.0.42,192.58.128.30,2499,0.0,0.0,2,none,3.715041725064307E-4,0.0,0.0,1
143.88.11.10,143.88.0.42,192.5.5.241,2610,0.0,0.0,2,none,3.880121641590383E-4,0.0,0.0,1
143.88.11.10,143.88.0.42,198.41.0.4,2549,0.0,0.0,2,none,3.7894020478238005E-4,0.0,0.0,1
143.88.11.10,143.88.11.10,143.88.0.41,34862,1766.5747961997986,140688.0,1,none,0.005184550423437422,5.095850954683115E-4,5.299816792234766E-8,1814
143.88.11.10,143.88.11.10,192.168.1.1,24,16.018349647521973,192.0,1,none,3.4205748469367116E-6,4.6206434349321946E-6,7.232776243240896E-11,4
143.88.11.10,143.88.11.10,172.16.250.49,12,8.009103775024414,96.0,1,none,1.635927100708862E-6,2.310301222790589E-6,3.616388121620448E-11,4
143.88.11.10,143.88.11.10,169.254.169.254,146,87.151376247406,0.0,1,none,2.1564493600253182E-5,2.5139633193434433E-5,0.0,1
143.88.11.10,143.88.11.10,143.88.0.1,2,86.09187602996826,1792.0,1,none,1.4872064551898747E-7,2.4834010402589044E-5,6.75059116035817E-10,1
143.88.11.10,143.88.11.10,143.88.1.1,1,4.087702989578247,560.0,1,none,0.0,1.1791363279218571E-6,2.109559737611928E-10,1
143.88.11.10,143.88.11.10,143.88.255.1,2,24.568284034729004,2912.0,1,none,1.4872064551898747E-7,7.086952328461733E-6,1.0969710635582026E-9,1,N
143.88.11.10,143.88.255.1,143.88.255.10,54300,1730447.8909170628,3.36311207E8,2,none,0.0080753823310355,0.49916395025720584,1.266908181419412E-4,2,N
143.88.11.10,143.88.255.10,10.0.10.1,6724017,114.41652822494507,6.05569716E8,3,none,1.0,3.300452241483646E-5,2.281224091411946E-4,1
143.88.11.10,143.88.255.10,193.0.14.129,81,0.0,0.0,3,none,1.1897651641518997E-5,0.0,0.0,1
143.88.11.10,143.88.255.10,192.58.128.30,90,0.0,0.0,3,none,1.3236137451189883E-5,0.0,0.0,1
143.88.11.10,143.88.255.10,199.9.14.201,107,0.0,0.0,3,none,1.576438842501267E-5,0.0,0.0,1
143.88.11.10,143.88.255.10,192.33.4.12,91,0.0,0.0,3,none,1.3384858096708872E-5,0.0,0.0,1
143.88.11.10,143.88.255.10,192.5.5.241,92,0.0,0.0,3,none,1.3533578742227858E-5,0.0,0.0,1
143.88.11.10,143.88.255.10,192.36.148.17,95,0.0,0.0,3,none,1.3979740678784821E-5,0.0,0.0,1
143.88.11.10,143.88.255.10,202.12.27.33,66,0.0,0.0,3,none,9.666841958734185E-6,0.0,0.0,1
143.88.11.10,143.88.255.10,198.97.190.53,104,0.0,0.0,3,none,1.5318226488455708E-5,0.0,0.0,1
143.88.11.10,143.88.255.10,199.7.91.13,91,0.0,0.0,3,none,1.3384858096708872E-5,0.0,0.0,1
143.88.11.10,143.88.255.10,192.112.36.4,105,0.0,0.0,3,none,1.5466947133974698E-5,0.0,0.0,1
143.88.11.10,143.88.255.10,198.41.0.4,105,0.0,0.0,3,none,1.5466947133974698E-5,0.0,0.0,1
143.88.11.10,143.88.255.10,199.7.83.42,91,0.0,0.0,3,none,1.3384858096708872E-5,0.0,0.0,1
143.88.11.10,143.88.255.10,192.203.230.10,66,0.0,0.0,3,none,9.666841958734185E-6,0.0,0.0,1
143.88.11.10,143.88.255.1,143.88.255.50,4,0.25463390350341797,840.0,2,none,4.461619365569624E-7,7.345154153981406E-8,3.164339606417892E-10,1,N
143.88.11.10,143.88.255.50,143.88.11.1,141,126985.33650684357,1.5828181E7,3,none,2.0820890372658246E-5,0.03663011323727552,5.96258809950609E-6,3
143.88.11.10,143.88.255.50,143.88.0.1,2,3459804.5442037582,1.8920888E8,3,none,1.4872064551898747E-7,0.99801312276866,7.12763277226155E-5,1
143.88.11.10,143.88.255.50,143.88.0.42,6,155.41187000274658,17696.0,3,none,7.436032275949373E-7,4.483001386786539E-5,6.6662087708536926E-9,1,N
143.88.11.10,143.88.255.50,143.88.0.44,2,159.68901586532593,8848.0,3,none,1.4872064551898747E-7,4.606379677216302E-5,3.3331043854268463E-9,1
143.88.11.10,143.88.255.50,143.88.0.41,2,4.039076328277588,336.0,3,none,1.4872064551898747E-7,1.1651095106625446E-6,1.2657358425671567E-10,1
143.88.11.10,143.88.255.50,143.88.11.13,2,4.018253803253174,672.0,3,none,1.4872064551898747E-7,1.1591030577089062E-6,2.5314716851343134E-10,1,N
143.88.11.10,143.88.255.50,148.88.255.1,14,0.0,0.0,3,none,1.933368391746837E-6,0.0,0.0,2
fe80::250:56ff:fe9e:5457,fe80::250:56ff:fe9e:5457,ff02::1:2,42380,127.31481599807739,952.0,1,none,0.00630263223644917,3.672515469170837E-5,3.5862515539402775E-10,1
fe80::250:56ff:fe9e:5457,fe80::250:56ff:fe9e:5457,ff02::16,2,5.999973773956299,280.0,1,none,1.4872064551898747E-7,1.7307487998731104E-6,1.054779868805964E-10,1
fe80::250:56ff:fe9e:5457,fe80::250:56ff:fe9e:5457,ff02::2,2,0.0,0.0,1,none,1.4872064551898747E-7,0.0,0.0,1
172.28.128.3,172.28.128.3,172.28.128.255,37725,297867.70841884613,2.1701633E7,1,none,0.005610337631558283,0.08592273871339533,8.175159145933992E-6,2
172.28.128.3,172.28.128.3,224.0.0.251,1495,179.72179055213928,25075.0,1,none,2.2218864440536726E-4,5.1842438821871286E-5,9.44593043225341E-9,1
fe80::f862:2895:ecac:131b,fe80::f862:2895:ecac:131b,ff02::1:3,1144,113.00087475776672,89796.0,1,none,1.6998769782820266E-4,3.259616387333911E-5,3.3826790392607264E-8,1
fe80::f862:2895:ecac:131b,fe80::f862:2895:ecac:131b,ff02::16,532,1615.0330488681793,107700.0,1,none,7.897066277058234E-5,4.658714548415243E-4,4.05713542394294E-8,1
fe80::f862:2895:ecac:131b,fe80::f862:2895:ecac:131b,ff02::1:2,4518,284784.84005761147,3224220.0,1,none,6.717711558092664E-4,0.08214886243190382,1.2145865530719877E-6,1
fe80::f862:2895:ecac:131b,fe80::f862:2895:ecac:131b,ff02::2,4,32.03531789779663,96.0,1,none,4.461619365569624E-7,9.24088839285132E-6,3.616388121620448E-11,1
fe80::143e:e94b:597c:a35b,fe80::143e:e94b:597c:a35b,ff02::1:3,1155,114.19367814064026,90776.0,1,none,1.7162362492891152E-4,3.294023921452709E-5,3.419596334668935E-8,1
fe80::143e:e94b:597c:a35b,fe80::143e:e94b:597c:a35b,ff02::16,537,1646.4237549304962,109120.0,1,none,7.971426599817728E-5,4.749263988948381E-4,4.110627831575242E-8,1
fe80::143e:e94b:597c:a35b,fe80::143e:e94b:597c:a35b,ff02::1:2,4530,285540.609344244,3232788.0,1,none,6.735558035554942E-4,0.08236687118245835,1.2178141794705339E-6,1
fe80::143e:e94b:597c:a35b,fe80::143e:e94b:597c:a35b,ff02::2,3,24.017792224884033,72.0,1,none,2.9744129103797494E-7,6.928157794498142E-6,2.712291091215336E-11,1
fe80::250:56ff:fe9e:ef90,fe80::250:56ff:fe9e:ef90,ff02::2,1407,11.584638118743896,0.0,1,none,2.0910122759969636E-4,3.341697693415005E-6,0.0,1
fe80::250:56ff:fe9e:ef90,fe80::250:56ff:fe9e:ef90,fe80::250:56ff:fe9e:da15,1425,0.1413586139678955,34112.0,1,none,2.1177819921903813E-4,4.077622014593216E-8,1.2850232458824659E-8,2,N
fe80::250:56ff:fe9e:ef90,fe80::250:56ff:fe9e:da15,fe80::250:56ff:fe9e:f1c3,1461,0.10618758201599121,35016.0,2,none,2.171321424577217E-4,3.0630805576741656E-8,1.3190775673610584E-8,2,N
fe80::250:56ff:fe9e:ef90,fe80::250:56ff:fe9e:f1c3,2001:500:2::c,2840,0.0,0.0,3,none,4.222179126284054E-4,0.0,0.0,1
fe80::250:56ff:fe9e:ef90,fe80::250:56ff:fe9e:f1c3,2001:500:12::d0d,2830,0.0,0.0,3,none,4.207307061732155E-4,0.0,0.0,1
fe80::250:56ff:fe9e:ef90,fe80::250:56ff:fe9e:f1c3,2001:500:2d::d,2829,0.0,0.0,3,none,4.2058198552769656E-4,0.0,0.0,1
fe80::250:56ff:fe9e:ef90,fe80::250:56ff:fe9e:f1c3,2001:dc3::35,2873,0.0,0.0,3,none,4.27125693930532E-4,0.0,0.0,1
fe80::250:56ff:fe9e:ef90,fe80::250:56ff:fe9e:f1c3,2001:7fd::1,2849,0.0,0.0,3,none,4.2355639843807627E-4,0.0,0.0,1
fe80::250:56ff:fe9e:ef90,fe80::250:56ff:fe9e:f1c3,2001:500:a8::e,2856,0.0,0.0,3,none,4.245974429567092E-4,0.0,0.0,1
fe80::250:56ff:fe9e:ef90,fe80::250:56ff:fe9e:f1c3,2001:7fe::53,2824,0.0,0.0,3,none,4.198383823001016E-4,0.0,0.0,1
fe80::250:56ff:fe9e:ef90,fe80::250:56ff:fe9e:f1c3,2001:503:ba3e::2:30,2820,0.0,0.0,3,none,4.1924349971802566E-4,0.0,0.0,1
fe80::250:56ff:fe9e:ef90,fe80::250:56ff:fe9e:f1c3,2001:500:200::b,2834,0.0,0.0,3,none,4.213255887552915E-4,0.0,0.0,1
fe80::250:56ff:fe9e:ef90,fe80::250:56ff:fe9e:f1c3,2001:500:1::53,2835,0.0,0.0,3,none,4.2147430940081044E-4,0.0,0.0,1
fe80::250:56ff:fe9e:ef90,fe80::250:56ff:fe9e:f1c3,2001:500:2f::f,2832,0.0,0.0,3,none,4.2102814746425353E-4,0.0,0.0,1
fe80::250:56ff:fe9e:ef90,fe80::250:56ff:fe9e:f1c3,2001:503:c27::2:30,2852,0.0,0.0,3,none,4.2400256037463324E-4,0.0,0.0,1
fe80::250:56ff:fe9e:ef90,fe80::250:56ff:fe9e:f1c3,2001:500:9f::42,2855,0.0,0.0,3,none,4.244487223111902E-4,0.0,0.0,1
fe80::250:56ff:fe9e:ef90,fe80::250:56ff:fe9e:f1c3,ff02::2,2,0.0,0.0,3,none,1.4872064551898747E-7,0.0,0.0,1
fe80::250:56ff:fe9e:ef90,fe80::250:56ff:fe9e:f1c3,ff02::16,2,1.471858024597168,80.0,3,none,1.4872064551898747E-7,4.2457127407999063E-7,3.01365676801704E-11,1
fe80::250:56ff:fe9e:ef90,fe80::250:56ff:fe9e:da15,fe80::250:56ff:fe9e:3371,2,0.0,0.0,2,none,1.4872064551898747E-7,0.0,0.0,1,N
fe80::250:56ff:fe9e:ef90,fe80::250:56ff:fe9e:3371,ff02::2,2,0.0,0.0,3,none,1.4872064551898747E-7,0.0,0.0,1
fe80::250:56ff:fe9e:ef90,fe80::250:56ff:fe9e:3371,ff02::1:2,2,28.024317741394043,440.0,3,none,1.4872064551898747E-7,8.08387771771846E-6,1.657511222409372E-10,1
fe80::250:56ff:fe9e:ef90,fe80::250:56ff:fe9e:3371,ff02::16,2,36.60796785354614,440.0,3,none,1.4872064551898747E-7,1.0559912228839664E-5,1.657511222409372E-10,1
fe80::250:56ff:fe9e:ef90,fe80::250:56ff:fe9e:da15,ff02::1:ff9e:3371,1,0.0,0.0,2,none,0.0,0.0,0.0,1
fe80::250:56ff:fe9e:ef90,fe80::250:56ff:fe9e:da15,ff02::1,2,3460820.4092760086,2.200848E7,2,none,1.4872064551898747E-7,0.9983061585919601,8.290750588220958E-6,1
fe80::250:56ff:fe9e:ef90,fe80::250:56ff:fe9e:da15,ff02::16,2,126.36873388290405,280.0,2,none,1.4872064551898747E-7,3.645224841793011E-5,1.054779868805964E-10,1
fe80::250:56ff:fe9e:ef90,fe80::250:56ff:fe9e:da15,ff02::1:ff9e:ef90,2,0.0,0.0,2,none,1.4872064551898747E-7,0.0,0.0,1
fe80::250:56ff:fe9e:ef90,fe80::250:56ff:fe9e:ef90,ff02::16,2,3460821.264055729,1.840552E7,1,none,1.4872064551898747E-7,0.9983064051612005,6.933489989609124E-6,1
fe80::250:56ff:fe9e:ef90,fe80::250:56ff:fe9e:ef90,ff02::1:2,1,32.92337203025818,396.0,1,none,0.0,9.497055949891608E-6,1.4917601001684347E-10,1
fe80::250:56ff:fe9e:39e5,fe80::250:56ff:fe9e:39e5,ff02::fb,564,169.13278818130493,9606.0,1,none,8.372972342718994E-5,4.8787941613112554E-5,3.618648364196461E-9,1
fe80::250:56ff:fe9e:39e5,fe80::250:56ff:fe9e:39e5,ff02::16,4,2.224006175994873,560.0,1,none,4.461619365569624E-7,6.415354741584823E-7,2.109559737611928E-10,1
fe80::250:56ff:fe9e:39e5,fe80::250:56ff:fe9e:39e5,ff02::2,3,24.044852018356323,72.0,1,none,2.9744129103797494E-7,6.935963446129532E-6,2.712291091215336E-11,1
fe80::250:56ff:fe9e:9068,fe80::250:56ff:fe9e:9068,ff02::fb,570,91.65059638023376,9773.0,1,none,8.462204730030387E-5,2.6437475507188737E-5,3.6815584492288164E-9,1
fe80::250:56ff:fe9e:9068,fe80::250:56ff:fe9e:9068,ff02::16,4,3.7039856910705566,600.0,1,none,4.461619365569624E-7,1.0684494684616652E-6,2.26024257601278E-10,1
fe80::250:56ff:fe9e:9068,fe80::250:56ff:fe9e:9068,ff02::2,4,32.060945987701416,96.0,1,none,4.461619365569624E-7,9.248281056138996E-6,3.616388121620448E-11,1
fe80::250:56ff:fe9e:2515,fe80::250:56ff:fe9e:2515,ff02::2,611,737.678680896759,80.0,1,none,9.071959376658235E-5,2.1279034538382367E-4,3.01365676801704E-11,1
fe80::250:56ff:fe9e:2515,fe80::250:56ff:fe9e:2515,ff02::16,10,6.975976467132568,720.0,1,none,1.3384858096708872E-6,2.0122859454553166E-6,2.712291091215336E-10,1
fe80::250:56ff:fe9e:15ad,fe80::250:56ff:fe9e:15ad,ff02::2,512,256.1804575920105,160.0,1,none,7.599624986020259E-5,7.389765959526106E-5,6.02731353603408E-11,1
fe80::250:56ff:fe9e:15ad,fe80::250:56ff:fe9e:15ad,ff02::16,4,2.126270294189453,160.0,1,none,4.461619365569624E-7,6.13342640904191E-7,6.02731353603408E-11,1
143.88.1.51,143.88.1.51,143.88.1.1,313301,1562682.4170014858,5.6513394E7,1,none,0.04659417824109877,0.45077042328882555,2.1288996538964196E-5,2
143.88.1.53,143.88.1.53,143.88.1.1,85317,40.49391961097717,1.8392063E7,1,none,0.012688250593097933,1.1680851518563224E-5,6.928420642218223E-6,2
143.88.1.53,143.88.1.53,224.0.0.252,1733,168.669331073761,138640.0,1,none,2.575841580388863E-4,4.865425305664651E-5,5.2226671789735304E-8,1
143.88.1.53,143.88.1.53,224.0.0.251,1729,0.0,0.0,1,none,2.5698927545681036E-4,0.0,0.0,1
fe80::70d8:2461:35d9:c9ea,fe80::70d8:2461:35d9:c9ea,ff02::1:2,7610,479699.7271165848,5432928.0,1,none,0.0011316153917539757,0.1383738926677073,2.04662252966866E-6,1
fe80::70d8:2461:35d9:c9ea,fe80::70d8:2461:35d9:c9ea,ff02::1:3,1923,188.24832153320312,151272.0,1,none,2.858410806874939E-4,5.430199678304324E-5,5.698523582643421E-8,1
fe80::70d8:2461:35d9:c9ea,fe80::70d8:2461:35d9:c9ea,ff02::16,1013,5629.459628105164,185680.0,1,none,1.505052932652153E-4,0.0016238705138293666,6.99469735856755E-8,1
fe80::70d8:2461:35d9:c9ea,fe80::70d8:2461:35d9:c9ea,ff02::2,4,32.06306791305542,96.0,1,none,4.461619365569624E-7,9.248893145441088E-6,3.616388121620448E-11,1
fe80::cc00:7eec:36b8:5325,fe80::cc00:7eec:36b8:5325,ff02::1:2,7635,481277.31118655205,5450778.0,1,none,0.0011353334078919503,0.1388289616127828,2.053346751332298E-6,1
fe80::cc00:7eec:36b8:5325,fe80::cc00:7eec:36b8:5325,ff02::1:3,1932,188.95847010612488,152024.0,1,none,2.871795664971648E-4,5.4506845810159144E-5,5.726851956262781E-8,1
fe80::cc00:7eec:36b8:5325,fe80::cc00:7eec:36b8:5325,ff02::16,1015,5645.13511300087,186360.0,1,none,1.508027345562533E-4,0.0016283922547057077,7.020313441095694E-8,1
fe80::cc00:7eec:36b8:5325,fe80::cc00:7eec:36b8:5325,ff02::2,4,32.062809467315674,96.0,1,none,4.461619365569624E-7,9.248818594339574E-6,3.616388121620448E-11,1
143.88.0.2,143.88.0.2,192.5.5.241,3404,0.0,0.0,1,none,5.060963567011143E-4,0.0,0.0,1
143.88.0.2,143.88.0.2,192.36.148.17,3410,0.0,0.0,1,none,5.069886805742283E-4,0.0,0.0,1
143.88.0.2,143.88.0.2,199.7.83.42,3424,0.0,0.0,1,none,5.09070769611494E-4,0.0,0.0,1
143.88.0.2,143.88.0.2,198.41.0.4,3410,0.0,0.0,1,none,5.069886805742283E-4,0.0,0.0,1
143.88.0.2,143.88.0.2,193.0.14.129,3405,0.0,0.0,1,none,5.062450773466333E-4,0.0,0.0,1
143.88.0.2,143.88.0.2,202.12.27.33,3395,0.0,0.0,1,none,5.047578708914435E-4,0.0,0.0,1
143.88.0.2,143.88.0.2,192.112.36.4,3426,0.0,0.0,1,none,5.09368210902532E-4,0.0,0.0,1
143.88.0.2,143.88.0.2,192.58.128.30,3425,0.0,0.0,1,none,5.09219490257013E-4,0.0,0.0,1
143.88.0.2,143.88.0.2,192.33.4.12,3420,0.0,0.0,1,none,5.084758870294181E-4,0.0,0.0,1
143.88.0.2,143.88.0.2,199.7.91.13,3395,0.0,0.0,1,none,5.047578708914435E-4,0.0,0.0,1
143.88.0.2,143.88.0.2,198.97.190.53,3405,0.0,0.0,1,none,5.062450773466333E-4,0.0,0.0,1
143.88.0.2,143.88.0.2,199.9.14.201,3383,0.0,0.0,1,none,5.029732231452156E-4,0.0,0.0,1
143.88.0.2,143.88.0.2,192.203.230.10,3389,0.0,0.0,1,none,5.038655470183295E-4,0.0,0.0,1
143.88.0.2,143.88.0.2,143.88.255.10,2,3246063.488517761,3.6355312E8,1,none,1.4872064551898747E-7,0.9363575073361574,1.369530400777139E-4,1,N
143.88.1.52,143.88.1.52,224.0.0.252,1731,168.465167760849,138480.0,1,none,2.572867167478483E-4,4.859536023109212E-5,5.216639865437496E-8,1
143.88.1.52,143.88.1.52,143.88.1.1,1858,2.3914287090301514,453004.0,1,none,2.761742387287597E-4,6.898300766082953E-7,1.7064982131734888E-7,2
143.88.1.50,143.88.1.50,143.88.1.255,23129,172989.97717046738,1.3067634E7,1,none,0.003439611089563142,0.0499005840121267,4.922670455758698E-6,2
143.88.1.50,143.88.1.50,224.0.0.251,873,0.0,0.0,1,none,1.2968440289255707E-4,0.0,0.0,1
143.88.1.50,143.88.1.50,143.88.1.1,5085,20499.74306511879,992676.0,1,none,7.560957618185322E-4,0.005913343465210934,3.739480932310104E-7,2
143.88.1.50,143.88.1.50,143.88.255.10,2,3246063.4887456894,1.8177656E8,1,none,1.4872064551898747E-7,0.9363575074019055,6.847652003885695E-5,1,N
fe80::250:56ff:fe9e:fbdc,fe80::250:56ff:fe9e:fbdc,ff02::fb,942,75.88826656341553,9124.0,1,none,1.399461274333672E-4,2.1890683397516927E-5,3.437075543923434E-9,1
fe80::250:56ff:fe9e:fbdc,fe80::250:56ff:fe9e:fbdc,ff02::16,4,2.1198582649230957,560.0,1,none,4.461619365569624E-7,6.114930308266152E-7,2.109559737611928E-10,1
fe80::250:56ff:fe9e:fbdc,fe80::250:56ff:fe9e:fbdc,ff02::2,4,32.06118583679199,96.0,1,none,4.461619365569624E-7,9.248350242862357E-6,3.616388121620448E-11,1
fe80::250:56ff:fe9e:8afe,fe80::250:56ff:fe9e:8afe,ff02::fb,933,57.139728307724,7332.0,1,none,1.3860764162369632E-4,1.648249141070149E-5,2.7620164278876172E-9,1
fe80::250:56ff:fe9e:8afe,fe80::250:56ff:fe9e:8afe,ff02::16,4,2.9439163208007812,560.0,1,none,4.461619365569624E-7,8.49200318386246E-7,2.109559737611928E-10,1
fe80::250:56ff:fe9e:8afe,fe80::250:56ff:fe9e:8afe,ff02::2,4,32.05118179321289,96.0,1,none,4.461619365569624E-7,9.245464482512276E-6,3.616388121620448E-11,1
fe80::250:56ff:fe9e:2553,fe80::250:56ff:fe9e:2553,ff02::2,893,248.62563800811768,160.0,1,none,1.326588158029368E-4,7.171840091502544E-5,6.02731353603408E-11,1
fe80::250:56ff:fe9e:2553,fe80::250:56ff:fe9e:2553,ff02::16,4,1.3439083099365234,160.0,1,none,4.461619365569624E-7,3.876629769047186E-7,6.02731353603408E-11,1
169.254.201.234,169.254.201.234,224.0.0.251,66,16.118080139160156,1192.0,1,none,9.666841958734185E-6,4.649411632130451E-6,4.4903485843453896E-10,1
169.254.201.234,169.254.201.234,224.0.0.252,183,18.535680294036865,12132.0,1,none,2.7067157484455717E-5,5.346791108152205E-6,4.570210488697841E-9,1
169.254.201.234,169.254.201.234,169.254.255.255,10,204.49522733688354,14664.0,1,none,1.3384858096708872E-6,5.898856938831479E-5,5.5240328557752345E-9,1
169.254.83.37,169.254.83.37,224.0.0.252,179,18.108606100082397,11894.0,1,none,2.6472274902379767E-5,5.223597544898331E-6,4.480554199849334E-9,1
169.254.83.37,169.254.83.37,169.254.255.255,10,198.33784246444702,14664.0,1,none,1.3384858096708872E-6,5.721241387833839E-5,5.5240328557752345E-9,1
0.0.0.0,0.0.0.0,255.255.255.255,1743,3466692.4364738464,1.2168297E8,1,none,2.590713644940762E-4,1.0,4.58388382616143E-5,1
::,::,ff02::1:ff9e:3371,2,0.0,0.0,1,none,1.4872064551898747E-7,0.0,0.0,1
::,::,ff02::16,42,145.96352910995483,4080.0,1,none,6.097546466278486E-6,4.210455117801623E-5,1.5369649516886904E-9,1
::,::,ff02::1:ff01:1,6,0.0,0.0,1,none,7.436032275949373E-7,0.0,0.0,1
::,::,ff02::1:ff9e:5457,2,13.620025634765625,192.0,1,none,1.4872064551898747E-7,3.92882434318842E-6,7.232776243240896E-11,1
::,::,ff02::1:ff9e:da15,2,0.0,0.0,1,none,1.4872064551898747E-7,0.0,0.0,1
::,::,ff02::1:ff9e:3924,5,0.0,0.0,1,none,5.948825820759499E-7,0.0,0.0,1
::,::,ff02::1:ff9e:5ad4,4,0.0,0.0,1,none,4.461619365569624E-7,0.0,0.0,1
::,::,ff02::1:ff9e:2515,9,0.0,0.0,1,none,1.1897651641518998E-6,0.0,0.0,1
::,::,ff02::1:ff9e:15ad,4,0.0,0.0,1,none,4.461619365569624E-7,0.0,0.0,1
::,::,ff02::1:ff9e:9068,4,0.0,0.0,1,none,4.461619365569624E-7,0.0,0.0,1
::,::,ff02::1:ff9e:39e5,4,0.0,0.0,1,none,4.461619365569624E-7,0.0,0.0,1
::,::,ff02::1:ffac:131b,4,0.0,0.0,1,none,4.461619365569624E-7,0.0,0.0,1
::,::,ff02::1:ff7c:a35b,4,0.0,0.0,1,none,4.461619365569624E-7,0.0,0.0,1
::,::,ff02::1:ff9e:8afe,4,0.0,0.0,1,none,4.461619365569624E-7,0.0,0.0,1
::,::,ff02::1:ff9e:fbdc,4,0.0,0.0,1,none,4.461619365569624E-7,0.0,0.0,1
::,::,ff02::1:ff9e:2553,4,0.0,0.0,1,none,4.461619365569624E-7,0.0,0.0,1
::,::,ff02::1:ffd9:c9ea,4,0.0,0.0,1,none,4.461619365569624E-7,0.0,0.0,1
::,::,ff02::1:ffb8:5325,4,0.0,0.0,1,none,4.461619365569624E-7,0.0,0.0,1
::,::,ff02::1:ff9e:ef90,2,11.64802360534668,96.0,1,none,1.4872064551898747E-7,3.3599818324796334E-6,3.616388121620448E-11,1
::,::,ff02::1:ffa4:b49b,2,0.0,0.0,1,none,1.4872064551898747E-7,0.0,0.0,1
::,::,ff02::1:ff9e:f3ab,2,0.0,0.0,1,none,1.4872064551898747E-7,0.0,0.0,1
::,::,ff02::1:ff9e:2bcf,4,0.0,0.0,1,none,4.461619365569624E-7,0.0,0.0,1
::,::,ff02::1:ff9e:f1c3,2,0.0,0.0,1,none,1.4872064551898747E-7,0.0,0.0,1
143.88.255.51,143.88.255.51,143.88.255.1,2,0.0016541481018066406,0.0,1,none,1.4872064551898747E-7,4.77154559315092E-10,0.0,1,N
fe80::1:1,fe80::1:1,ff02::16,8,1350.3999276161194,3840.0,1,none,1.0410445186329123E-6,3.8953554500776005E-4,1.4465552486481792E-9,1
fe80::1:1,fe80::1:1,ff02::1,6,1352.3801817893982,9024.0,1,none,7.436032275949373E-7,3.9010676792688726E-4,3.399404834323221E-9,1
fe80::250:56ff:fe9e:5ad4,fe80::250:56ff:fe9e:5ad4,ff02::16,4,1.2017102241516113,120.0,1,none,4.461619365569624E-7,3.466446032270268E-7,4.52048515202556E-11,1
fe80::250:56ff:fe9e:3924,fe80::250:56ff:fe9e:3924,ff02::16,6,1.599073886871338,120.0,1,none,7.436032275949373E-7,4.6126788464044977E-7,4.52048515202556E-11,1
fe80::250:56ff:fe9e:3924,fe80::250:56ff:fe9e:3924,ff02::2,2,16.311389923095703,48.0,1,none,1.4872064551898747E-7,4.70517365529169E-6,1.808194060810224E-11,1
fe80::6915:8138:f1a4:b49b,fe80::6915:8138:f1a4:b49b,ff02::16,2,1.2880215644836426,160.0,1,none,1.4872064551898747E-7,3.7154192016923097E-7,6.02731353603408E-11,1
fe80::6915:8138:f1a4:b49b,fe80::6915:8138:f1a4:b49b,ff02::2,2,16.00316619873047,0.0,1,none,1.4872064551898747E-7,4.616263626492381E-6,0.0,1
fe80::250:56ff:fe9e:f3ab,fe80::250:56ff:fe9e:f3ab,ff02::16,2,0.0,0.0,1,none,1.4872064551898747E-7,0.0,0.0,1
fe80::250:56ff:fe9e:f3ab,fe80::250:56ff:fe9e:f3ab,ff02::2,2,16.24837017059326,48.0,1,none,1.4872064551898747E-7,4.686995015664073E-6,1.808194060810224E-11,1
143.88.0.18,143.88.0.18,192.36.148.17,348,0.0,0.0,1,none,5.160606399508865E-5,0.0,0.0,1
143.88.0.18,143.88.0.18,199.9.14.201,391,0.0,0.0,1,none,5.800105175240511E-5,0.0,0.0,1
143.88.0.18,143.88.0.18,198.97.190.53,391,0.0,0.0,1,none,5.800105175240511E-5,0.0,0.0,1
143.88.0.18,143.88.0.18,192.112.36.4,377,0.0,0.0,1,none,5.5918962715139286E-5,0.0,0.0,1
143.88.0.18,143.88.0.18,202.12.27.33,387,0.0,0.0,1,none,5.740616917032916E-5,0.0,0.0,1
143.88.0.18,143.88.0.18,192.33.4.12,373,0.0,0.0,1,none,5.532408013306333E-5,0.0,0.0,1
143.88.0.18,143.88.0.18,192.5.5.241,402,0.0,0.0,1,none,5.963697885311397E-5,0.0,0.0,1
143.88.0.18,143.88.0.18,193.0.14.129,392,0.0,0.0,1,none,5.81497723979241E-5,0.0,0.0,1
143.88.0.18,143.88.0.18,199.7.91.13,398,0.0,0.0,1,none,5.9042096271038025E-5,0.0,0.0,1
143.88.0.18,143.88.0.18,199.7.83.42,383,0.0,0.0,1,none,5.681128658825321E-5,0.0,0.0,1
143.88.0.18,143.88.0.18,192.203.230.10,358,0.0,0.0,1,none,5.309327045027853E-5,0.0,0.0,1
143.88.0.18,143.88.0.18,198.41.0.4,366,0.0,0.0,1,none,5.4283035614430427E-5,0.0,0.0,1
143.88.0.18,143.88.0.18,192.58.128.30,351,0.0,0.0,1,none,5.2052225931645614E-5,0.0,0.0,1
143.88.0.18,143.88.0.18,143.88.0.17,2,4.2776923179626465,336.0,1,none,1.4872064551898747E-7,1.2339405344864428E-6,1.2657358425671567E-10,1
143.88.5.10,143.88.5.10,143.88.5.1,108,160.28609681129456,24712.0,1,none,1.5913109070531657E-5,4.623603038010776E-5,9.309185756404636E-9,2
fe80::250:56ff:fe9e:2bcf,fe80::250:56ff:fe9e:2bcf,ff02::16,4,1.303812026977539,240.0,1,none,4.461619365569624E-7,3.760968274138891E-7,9.04097030405112E-11,1
fe80::250:56ff:fe9e:2bcf,fe80::250:56ff:fe9e:2bcf,ff02::2,94,359.55673360824585,96.0,1,none,1.3831020033265833E-5,1.0371751754648582E-4,3.616388121620448E-11,1
