srcIP,dstIP,dstIP
[0000]143.88.4.15->[0001]143.88.9.13
[0002]143.88.5.17->[0003]143.88.10.11
[0004]143.88.7.10->[0005]143.88.2.12,[0009]143.88.2.10
[0005]143.88.2.12->[0004]143.88.7.10
[0006]143.88.9.18->[0007]143.88.4.11
[0003]143.88.10.11->[0008]143.88.10.14,[0002]143.88.5.17
[0009]143.88.2.10->[0010]143.88.7.15,[0011]143.88.7.11,[0012]143.88.7.1,[0013]143.88.7.12,[0004]143.88.7.10,[0016]143.88.7.6,[0017]143.88.7.4,[0018]143.88.7.9,[0019]143.88.7.3,[0020]143.88.7.7,[0021]143.88.7.8,[0022]143.88.7.2,[0023]143.88.7.5,[0024]143.88.7.20,[0025]143.88.7.22,[0026]143.88.7.18,[0027]143.88.7.17,[0028]143.88.7.16,[0029]143.88.7.21,[0030]143.88.7.19,[0031]143.88.7.27,[0032]143.88.7.29,[0033]143.88.7.34,[0034]143.88.7.32,[0035]143.88.7.35,[0036]143.88.7.31,[0037]143.88.7.28,[0038]143.88.7.33,[0039]143.88.7.36,[0040]143.88.7.30,[0041]143.88.7.44,[0042]143.88.7.42,[0043]143.88.7.41,[0044]143.88.7.43,[0045]143.88.7.45,[0046]143.88.7.48,[0047]143.88.7.50,[0048]143.88.7.47,[0049]143.88.7.49,[0050]143.88.7.46,[0051]143.88.7.56,[0052]143.88.7.57,[0053]143.88.7.14,[0054]143.88.7.13,[0055]143.88.7.58,[0056]143.88.7.64,[0057]143.88.7.55,[0058]143.88.7.61,[0059]143.88.7.59,[0060]143.88.7.60,[0061]143.88.7.62,[0062]143.88.7.63,[0063]143.88.7.77,[0064]143.88.7.73,[0065]143.88.7.69,[0066]143.88.7.71,[0067]143.88.7.72,[0068]143.88.7.74,[0069]143.88.7.75,[0070]143.88.7.70,[0071]143.88.7.76,[0072]143.88.7.78,[0073]143.88.7.83,[0074]143.88.7.87,[0075]143.88.7.84,[0076]143.88.7.85,[0077]143.88.7.86,[0078]143.88.7.88,[0079]143.88.7.90,[0080]143.88.7.91,[0081]143.88.7.89,[0082]143.88.7.92,[0083]143.88.7.106,[0084]143.88.7.101,[0085]143.88.7.104,[0086]143.88.7.100,[0087]143.88.7.103,[0088]143.88.7.102,[0089]143.88.7.97,[0090]143.88.7.99,[0091]143.88.7.98,[0092]143.88.7.105,[0093]143.88.7.113,[0094]143.88.7.117,[0095]143.88.7.120,[0096]143.88.7.112,[0097]143.88.7.114,[0098]143.88.7.118,[0099]143.88.7.119,[0100]143.88.7.115,[0101]143.88.7.111,[0102]143.88.7.116,[0103]143.88.7.130,[0104]143.88.7.132,[0105]143.88.7.134,[0106]143.88.7.131,[0107]143.88.7.126,[0108]143.88.7.127,[0109]143.88.7.125,[0110]143.88.7.128,[0111]143.88.7.129,[0112]143.88.7.133,[0113]143.88.7.140,[0114]143.88.7.139,[0115]143.88.7.142,[0116]143.88.7.143,[0117]143.88.7.144,[0118]143.88.7.146,[0119]143.88.7.147,[0120]143.88.7.141,[0121]143.88.7.145,[0122]143.88.7.148,[0123]143.88.7.154,[0124]143.88.7.157,[0125]143.88.7.159,[0126]143.88.7.156,[0127]143.88.7.153,[0128]143.88.7.162,[0129]143.88.7.155,[0130]143.88.7.158,[0131]143.88.7.161,[0132]143.88.7.160,[0133]143.88.7.172,[0134]143.88.7.169,[0135]143.88.7.175,[0136]143.88.7.168,[0137]143.88.7.171,[0138]143.88.7.176,[0139]143.88.7.167,[0140]143.88.7.173,[0141]143.88.7.174,[0142]143.88.7.170,[0143]143.88.7.181,[0144]143.88.7.185,[0145]143.88.7.188,[0146]143.88.7.189,[0147]143.88.7.183,[0148]143.88.7.186,[0149]143.88.7.182,[0150]143.88.7.187,[0151]143.88.7.184,[0152]143.88.7.190,[0153]143.88.7.197,[0154]143.88.7.199,[0155]143.88.7.201,[0156]143.88.7.198,[0157]143.88.7.203,[0158]143.88.7.200,[0159]143.88.7.195,[0160]143.88.7.196,[0161]143.88.7.204,[0162]143.88.7.202,[0163]143.88.7.209,[0164]143.88.7.216,[0165]143.88.7.212,[0166]143.88.7.213,[0167]143.88.7.214,[0168]143.88.7.215,[0169]143.88.7.211,[0170]143.88.7.217,[0171]143.88.7.210,[0172]143.88.7.218,[0173]143.88.7.229,[0174]143.88.7.226,[0175]143.88.7.227,[0176]143.88.7.223,[0177]143.88.7.225,[0178]143.88.7.230,[0179]143.88.7.231,[0180]143.88.7.228,[0181]143.88.7.224,[0182]143.88.7.232,[0183]143.88.7.239,[0184]143.88.7.241,[0185]143.88.7.242,[0186]143.88.7.238,[0187]143.88.7.245,[0188]143.88.7.240,[0189]143.88.7.246,[0190]143.88.7.244,[0191]143.88.7.237,[0192]143.88.7.243,[0193]143.88.7.255,[0194]143.88.7.254,[0195]143.88.7.24,[0196]143.88.7.37,[0197]143.88.7.54,[0198]143.88.7.53,[0199]143.88.7.65,[0200]143.88.7.66,[0201]143.88.7.26,[0202]143.88.7.25,[0203]143.88.7.39,[0204]143.88.7.40,[0205]143.88.7.81,[0206]143.88.7.179,[0207]143.88.7.180,[0208]143.88.7.250,[0209]143.88.7.251,[0210]143.88.7.252,[0211]143.88.7.23,[0212]143.88.7.51,[0213]143.88.7.163,[0214]143.88.7.95,[0215]143.88.7.108,[0216]143.88.7.109,[0217]143.88.7.122,[0218]143.88.7.138,[0219]143.88.7.253,[0220]143.88.7.0,[0221]143.88.7.38,[0222]143.88.7.52,[0223]143.88.7.67,[0224]143.88.7.68,[0225]143.88.7.164,[0226]143.88.7.79,[0227]143.88.7.123,[0228]143.88.7.149,[0229]143.88.7.152,[0230]143.88.7.177,[0231]143.88.7.221,[0232]143.88.7.249,[0233]143.88.7.80,[0234]143.88.7.121,[0235]143.88.7.135,[0236]143.88.7.233,[0237]143.88.7.236,[0238]143.88.7.248,[0239]143.88.7.165,[0240]143.88.7.193,[0241]143.88.7.208,[0242]143.88.7.219,[0243]143.88.7.191,[0244]143.88.7.192,[0245]143.88.7.235,[0246]143.88.7.247,[0247]143.88.7.82,[0248]143.88.7.124,[0249]143.88.7.150,[0250]143.88.7.220,[0251]143.88.7.194,[0252]143.88.7.222,[0253]143.88.7.110,[0254]143.88.7.207,[0255]143.88.7.205,[0256]143.88.7.166,[0257]143.88.7.234,[0258]143.88.7.94,[0259]143.88.7.96,[0260]143.88.7.137,[0261]143.88.7.151,[0262]143.88.7.178,[0263]143.88.7.107,[0264]143.88.7.136,[0265]143.88.7.206,[0266]143.88.7.93
[0010]143.88.7.15->[0009]143.88.2.10
[0013]143.88.7.12->[0009]143.88.2.10
[0014]143.88.3.12->[0015]143.88.8.12
[0267]143.88.5.12->[0268]143.88.5.1
[0001]143.88.9.13->[0000]143.88.4.15
[0015]143.88.8.12->[0014]143.88.3.12
[0269]143.88.255.1->[0270]143.88.255.10,[0327]143.88.255.50
[0271]143.88.11.10->[0272]143.88.11.14,[0275]143.88.11.1,[0276]8.8.8.8,[0277]8.8.4.4,[0281]143.88.11.11,[0278]143.88.11.13,[0291]143.88.11.12,[0282]143.88.11.255,[0284]143.88.0.42,[0285]143.88.0.41,[0340]192.168.1.1,[0341]172.16.250.49,[0372]169.254.169.254,[0351]143.88.0.1,[0330]143.88.1.1,[0269]143.88.255.1
[0273]fe80::250:56ff:fe9e:5457->[0274]ff02::1:2,[0293]ff02::16,[0296]ff02::2
[0272]143.88.11.14->[0275]143.88.11.1,[0271]143.88.11.10
[0278]143.88.11.13->[0275]143.88.11.1,[0289]224.0.0.252,[0292]224.0.0.251,[0271]143.88.11.10,[0346]255.255.255.255,[0282]143.88.11.255
[0279]172.28.128.3->[0280]172.28.128.255,[0292]224.0.0.251
[0281]143.88.11.11->[0282]143.88.11.255,[0292]224.0.0.251,[0275]143.88.11.1,[0366]193.67.79.202,[0367]192.43.244.18,[0368]128.250.36.3
[0270]143.88.255.10->[0283]10.0.10.1,[0298]193.0.14.129,[0309]192.58.128.30,[0301]199.9.14.201,[0294]192.33.4.12,[0324]192.5.5.241,[0299]192.36.148.17,[0286]202.12.27.33,[0300]198.97.190.53,[0304]199.7.91.13,[0308]192.112.36.4,[0325]198.41.0.4,[0303]199.7.83.42,[0302]192.203.230.10
[0284]143.88.0.42->[0285]143.88.0.41,[0286]202.12.27.33,[0294]192.33.4.12,[0298]193.0.14.129,[0299]192.36.148.17,[0300]198.97.190.53,[0301]199.9.14.201,[0302]192.203.230.10,[0303]199.7.83.42,[0304]199.7.91.13,[0308]192.112.36.4,[0309]192.58.128.30,[0324]192.5.5.241,[0325]198.41.0.4
[0287]fe80::f862:2895:ecac:131b->[0288]ff02::1:3,[0293]ff02::16,[0274]ff02::1:2,[0296]ff02::2
[0290]fe80::143e:e94b:597c:a35b->[0288]ff02::1:3,[0293]ff02::16,[0274]ff02::1:2,[0296]ff02::2
[0291]143.88.11.12->[0289]224.0.0.252,[0275]143.88.11.1,[0271]143.88.11.10,[0346]255.255.255.255,[0371]224.2.2.4,[0282]143.88.11.255
[0295]fe80::250:56ff:fe9e:ef90->[0296]ff02::2,[0297]fe80::250:56ff:fe9e:da15,[0293]ff02::16,[0274]ff02::1:2
[0297]fe80::250:56ff:fe9e:da15->[0295]fe80::250:56ff:fe9e:ef90,[0310]fe80::250:56ff:fe9e:f1c3,[0349]fe80::250:56ff:fe9e:3371,[0348]ff02::1:ff9e:3371,[0352]ff02::1,[0293]ff02::16,[0357]ff02::1:ff9e:ef90
[0275]143.88.11.1->[0271]143.88.11.10,[0281]143.88.11.11,[0278]143.88.11.13,[0291]143.88.11.12
[0305]fe80::250:56ff:fe9e:39e5->[0306]ff02::fb,[0293]ff02::16,[0296]ff02::2
[0307]fe80::250:56ff:fe9e:9068->[0306]ff02::fb,[0293]ff02::16,[0296]ff02::2
[0310]fe80::250:56ff:fe9e:f1c3->[0311]2001:500:2::c,[0312]2001:500:12::d0d,[0313]2001:500:2d::d,[0314]2001:dc3::35,[0315]2001:7fd::1,[0316]2001:500:a8::e,[0317]2001:7fe::53,[0318]2001:503:ba3e::2:30,[0319]2001:500:200::b,[0320]2001:500:1::53,[0321]2001:500:2f::f,[0322]2001:503:c27::2:30,[0323]2001:500:9f::42,[0297]fe80::250:56ff:fe9e:da15,[0296]ff02::2,[0293]ff02::16
[0326]fe80::250:56ff:fe9e:2515->[0296]ff02::2,[0293]ff02::16
[0327]143.88.255.50->[0269]143.88.255.1,[0275]143.88.11.1,[0351]143.88.0.1,[0284]143.88.0.42,[0379]143.88.0.44,[0285]143.88.0.41,[0278]143.88.11.13,[0380]148.88.255.1
[0328]fe80::250:56ff:fe9e:15ad->[0296]ff02::2,[0293]ff02::16
[0329]143.88.1.51->[0330]143.88.1.1
[0331]143.88.1.53->[0330]143.88.1.1,[0289]224.0.0.252,[0292]224.0.0.251
[0332]fe80::70d8:2461:35d9:c9ea->[0274]ff02::1:2,[0288]ff02::1:3,[0293]ff02::16,[0296]ff02::2
[0333]fe80::cc00:7eec:36b8:5325->[0274]ff02::1:2,[0288]ff02::1:3,[0293]ff02::16,[0296]ff02::2
[0334]143.88.0.2->[0324]192.5.5.241,[0299]192.36.148.17,[0303]199.7.83.42,[0325]198.41.0.4,[0298]193.0.14.129,[0286]202.12.27.33,[0308]192.112.36.4,[0309]192.58.128.30,[0294]192.33.4.12,[0304]199.7.91.13,[0300]198.97.190.53,[0301]199.9.14.201,[0302]192.203.230.10,[0270]143.88.255.10
[0335]143.88.1.52->[0289]224.0.0.252,[0330]143.88.1.1
[0336]143.88.1.50->[0337]143.88.1.255,[0292]224.0.0.251,[0330]143.88.1.1,[0270]143.88.255.10
[0338]fe80::250:56ff:fe9e:fbdc->[0306]ff02::fb,[0293]ff02::16,[0296]ff02::2
[0339]fe80::250:56ff:fe9e:8afe->[0306]ff02::fb,[0293]ff02::16,[0296]ff02::2
[0342]fe80::250:56ff:fe9e:2553->[0296]ff02::2,[0293]ff02::16
[0285]143.88.0.41->[0271]143.88.11.10,[0284]143.88.0.42
[0343]169.254.201.234->[0292]224.0.0.251,[0289]224.0.0.252,[0377]169.254.255.255
[0344]169.254.83.37->[0289]224.0.0.252,[0377]169.254.255.255
[0345]0.0.0.0->[0346]255.255.255.255
[0347]::->[0348]ff02::1:ff9e:3371,[0293]ff02::16,[0353]ff02::1:ff01:1,[0354]ff02::1:ff9e:5457,[0355]ff02::1:ff9e:da15,[0358]ff02::1:ff9e:3924,[0359]ff02::1:ff9e:5ad4,[0362]ff02::1:ff9e:2515,[0363]ff02::1:ff9e:15ad,[0364]ff02::1:ff9e:9068,[0365]ff02::1:ff9e:39e5,[0369]ff02::1:ffac:131b,[0370]ff02::1:ff7c:a35b,[0373]ff02::1:ff9e:8afe,[0374]ff02::1:ff9e:fbdc,[0375]ff02::1:ff9e:2553,[0376]ff02::1:ffd9:c9ea,[0378]ff02::1:ffb8:5325,[0357]ff02::1:ff9e:ef90,[0381]ff02::1:ffa4:b49b,[0383]ff02::1:ff9e:f3ab,[0388]ff02::1:ff9e:2bcf,[0390]ff02::1:ff9e:f1c3
[0346]255.255.255.255->[0269]143.88.255.1
[0349]fe80::250:56ff:fe9e:3371->[0296]ff02::2,[0297]fe80::250:56ff:fe9e:da15,[0274]ff02::1:2,[0293]ff02::16
[0350]143.88.255.51->[0269]143.88.255.1
[0356]fe80::1:1->[0293]ff02::16,[0352]ff02::1
[0360]fe80::250:56ff:fe9e:5ad4->[0293]ff02::16
[0361]fe80::250:56ff:fe9e:3924->[0293]ff02::16,[0296]ff02::2
[0382]fe80::6915:8138:f1a4:b49b->[0293]ff02::16,[0296]ff02::2
[0384]fe80::250:56ff:fe9e:f3ab->[0293]ff02::16,[0296]ff02::2
[0385]143.88.0.18->[0299]192.36.148.17,[0301]199.9.14.201,[0300]198.97.190.53,[0308]192.112.36.4,[0286]202.12.27.33,[0294]192.33.4.12,[0324]192.5.5.241,[0298]193.0.14.129,[0304]199.7.91.13,[0303]199.7.83.42,[0302]192.203.230.10,[0325]198.41.0.4,[0309]192.58.128.30,[0386]143.88.0.17
[0387]143.88.5.10->[0268]143.88.5.1
[0389]fe80::250:56ff:fe9e:2bcf->[0293]ff02::16,[0296]ff02::2
[0268]143.88.5.1->[0387]143.88.5.10
[0391]127.0.0.1->[0391]127.0.0.1
